ID,total_length_of_exons,mean,std,min,25%,50%,75%,max
AKT1 NM_001014431.2,1443,1083.1053361053362,148.93744786486474,708,981.5,1078.0,1180.5,1389
AKT1 NM_001014432.2,1443,1083.1053361053362,148.9374478648647,708,981.5,1078.0,1180.5,1389
AKT1 NM_001382430.1,1443,1083.1053361053362,148.9374478648647,708,981.5,1078.0,1180.5,1389
AKT1 NM_001382431.1,1443,1083.1053361053362,148.9374478648647,708,981.5,1078.0,1180.5,1389
AKT1 NM_001382432.1,1443,1083.1053361053362,148.9374478648647,708,981.5,1078.0,1180.5,1389
AKT1 NM_001382433.1,1443,1083.1053361053362,148.9374478648647,708,981.5,1078.0,1180.5,1389
AKT1 NM_005163.2,1443,1083.1053361053362,148.93744786486474,708,981.5,1078.0,1180.5,1389
ALK NM_001353765.2,1659,1118.3574442435201,110.23796235748715,753,1047.0,1135.0,1195.0,1328
ALK NM_004304.5,4863,1372.454863253136,1235.9500816156278,331,939.0,1108.0,1219.5,6649
APC NM_000038.6,8532,1039.4070557899672,132.24380255577628,505,992.0,1069.0,1128.25,1276
APC NM_001127510.3,8532,1039.4070557899672,132.24380255577628,505,992.0,1069.0,1128.25,1276
APC NM_001127511.3,8478,1041.593654163718,130.69120837859415,505,997.0,1070.0,1129.0,1276
APC NM_001354895.2,8532,1039.4070557899672,132.24380255577628,505,992.0,1069.0,1128.25,1276
APC NM_001354896.2,8586,1038.4555089680875,132.37576169211403,505,989.0,1068.0,1128.0,1276
APC NM_001354897.2,8562,1039.085961224013,132.51439115493486,505,992.0,1069.0,1128.0,1276
APC NM_001354898.2,8457,1041.8471089038667,131.4042297024924,505,999.0,1071.0,1129.0,1276
APC NM_001354899.2,8448,1041.926846590909,130.40122255376903,505,997.0,1070.0,1129.0,1276
APC NM_001354900.2,8409,1042.6915209894162,128.17138756958835,520,997.0,1070.0,1129.0,1276
APC NM_001354901.2,8355,1043.690604428486,127.97164555155213,520,1000.0,1071.0,1130.0,1276
APC NM_001354902.2,8259,1041.2628647536021,130.4464233063881,505,996.0,1069.0,1129.0,1276
APC NM_001354903.2,8229,1041.6037185563252,130.14811442229083,505,996.0,1069.0,1129.0,1276
APC NM_001354904.2,8154,1044.154648025509,129.19906683181645,505,1003.0,1072.0,1130.0,1276
APC NM_001354905.2,8052,1046.0967461500247,125.50752594082357,520,1004.0,1072.0,1130.0,1276
APC NM_001354906.2,7683,1058.867239359625,112.05094042306685,520,1023.0,1080.0,1133.0,1276
ATM NM_000051.4,9171,944.5313488169229,153.24390354439555,514,835.0,953.0,1058.0,1388
ATM NM_001351834.2,9171,944.5313488169229,153.24390354439555,514,835.0,953.0,1058.0,1388
ATM NM_001351835.2,339,927.5368731563422,125.9208952525348,702,840.0,915.0,1001.5,1175
ATM NM_001351836.2,339,927.5368731563422,125.92089525253479,702,840.0,915.0,1001.5,1175
BAP1 NM_004656.4,2190,960.5173515981735,129.18896044722285,603,888.0,963.5,1033.0,1340
BRAF NM_001354609.2,2304,1006.4470486111111,264.55741520518376,56,946.0,1049.0,1152.0,1422
BRAF NM_001374244.1,2421,1015.6885584469228,262.69421400464097,56,955.0,1055.0,1159.0,1422
BRAF NM_001374258.1,2424,1016.7149339933993,262.9027304040332,56,955.0,1057.0,1162.0,1422
BRAF NM_001378467.1,2313,1006.0899265023779,264.1053885659814,56,944.0,1048.0,1152.0,1422
BRAF NM_001378468.1,2277,986.2859025032938,269.23194056357187,56,930.0,1037.0,1134.0,1422
BRAF NM_001378469.1,2235,995.771812080537,261.6271236819459,56,941.0,1042.0,1137.0,1395
BRAF NM_001378470.1,2202,1007.658038147139,270.2352228127765,56,948.0,1056.0,1157.0,1422
BRAF NM_001378471.1,2193,996.1194710442317,263.5059857304545,56,940.0,1046.0,1142.0,1370
BRAF NM_001378472.1,2148,1064.7448789571695,142.8897487405635,653,974.0,1060.0,1160.0,1422
BRAF NM_001378473.1,2145,1063.653613053613,142.596402378583,653,974.0,1059.0,1156.0,1422
BRAF NM_001378474.1,2136,990.7275280898876,274.55951473120933,0,939.75,1040.0,1134.0,1422
BRAF NM_001378475.1,2040,999.9377450980393,276.8069593388407,56,939.0,1041.0,1154.0,1422
BRAF NM_004333.6,2301,1005.3537592351151,264.29914872618065,56,946.0,1048.0,1147.0,1422
BRCA1 NM_007294.4,5592,1331.763948497854,110.90613627199596,799,1283.0,1356.0,1405.0,1564
BRCA1 NM_007297.4,5451,1332.6492386718032,110.46528396860396,799,1288.0,1357.0,1404.0,1564
BRCA1 NM_007298.3,2280,1309.7758771929825,142.41008721754952,799,1214.0,1352.0,1408.0,1564
BRCA1 NM_007299.4,2100,1302.1861904761904,145.5346997542189,799,1200.0,1339.0,1408.0,1564
BRCA1 NM_007300.4,5655,1329.0042440318302,113.31831720812868,799,1279.0,1355.0,1404.0,1564
BRCA2 NM_000059.4,10257,880.411036365409,86.47459738924132,620,829.0,881.0,940.0,1109
BRIP1 NM_032043.3,3750,1161.548,163.02484879005246,693,1051.0,1164.0,1297.0,1460
CDK4 NM_000075.4,912,1135.186403508772,141.08039417134765,765,1035.75,1147.0,1236.25,1418
CDKN2A NM_000077.5,471,315.6963906581741,103.37732563299382,118,237.0,297.0,415.0,510
CDKN2A NM_001195132.2,504,331.49007936507934,116.23854568847213,118,238.0,303.0,430.25,560
CDKN2A NM_001363763.2,318,337.20754716981133,97.47432407835649,199,240.0,302.5,433.75,510
CDKN2A NM_058195.4,399,305.2907268170426,66.17268933094306,198,240.0,298.0,375.0,418
CDKN2A NM_058197.5,351,380.1339031339031,119.84486050786906,118,305.0,429.0,483.0,519
CHEK2 NM_001005735.2,1761,805.442362294151,165.62637375034544,410,717.0,817.0,926.0,1128
CHEK2 NM_001257387.2,969,802.6439628482972,137.9053610359707,410,730.0,799.0,891.0,1128
CHEK2 NM_001349956.2,1431,838.1013277428372,136.23215558383814,491,750.0,826.0,930.0,1128
CHEK2 NM_007194.4,1632,827.2279411764706,151.5277992514022,410,746.0,830.5,930.0,1128
CHEK2 NM_145862.2,1545,828.9702265372168,155.31838149781726,410,743.0,840.0,932.0,1128
CTNNB1 NM_001098209.2,2346,880.3260869565217,96.49527434870849,537,833.0,900.0,945.0,1064
CTNNB1 NM_001098210.2,2346,880.3260869565217,96.49527434870849,537,833.0,900.0,945.0,1064
CTNNB1 NM_001330729.2,2325,881.9987096774194,95.0558332987381,537,834.0,900.0,945.0,1064
CTNNB1 NM_001904.4,2346,880.3260869565217,96.4952743487085,537,833.0,900.0,945.0,1064
DDR2 NM_001014796.3,2568,1090.4602803738317,145.29722093291747,671,986.0,1092.0,1211.0,1375
DDR2 NM_001354982.2,2568,1090.4602803738317,145.29722093291747,671,986.0,1092.0,1211.0,1375
DDR2 NM_001354983.2,2568,1090.4602803738317,145.29722093291747,671,986.0,1092.0,1211.0,1375
DDR2 NM_006182.4,2568,1090.4602803738317,145.29722093291747,671,986.0,1092.0,1211.0,1375
DPYD NM_000110.4,3078,906.680636777128,139.18641106447407,513,803.0,910.0,1016.0,1228
DPYD NM_001160301.1,522,789.0938697318007,96.48993662666155,513,730.25,788.0,870.75,980
EGFR NM_001346897.2,3276,1035.1630036630036,183.0082373785682,150,964.0,1063.0,1143.0,1338
EGFR NM_001346898.2,3411,1032.298739372618,181.20967795762766,150,960.5,1060.0,1139.0,1338
EGFR NM_001346899.2,3498,1040.7987421383648,180.8896581737592,150,969.0,1068.0,1145.0,1338
EGFR NM_001346900.2,3474,1057.7469775474956,125.95728986189472,693,973.0,1068.0,1142.0,1338
EGFR NM_001346941.2,2832,1033.5783898305085,193.13865472672597,150,961.0,1063.0,1142.0,1338
EGFR NM_005228.5,3633,1037.900082576383,179.34742107897844,150,965.0,1066.0,1142.0,1338
EGFR NM_201282.2,1887,999.918918918919,209.268091049224,150,943.5,1051.0,1123.0,1273
EGFR NM_201283.2,1218,979.3390804597701,245.2644322133397,150,915.0,1050.0,1136.0,1260
EGFR NM_201284.2,2118,995.1255901794145,201.0751974916293,150,934.0,1037.0,1110.0,1273
ERBB2 NM_001005862.3,3678,1082.325448613377,151.56862108096644,554,982.0,1093.0,1190.0,1424
ERBB2 NM_001289936.2,3723,1081.1133494493688,151.5536910467392,554,981.0,1091.0,1189.0,1424
ERBB2 NM_001289937.2,3168,1045.8323863636363,182.3670902432129,255,952.0,1065.0,1164.25,1424
ERBB2 NM_001289938.2,1812,1056.9426048565122,152.9430408133829,554,952.0,1077.0,1168.0,1364
ERBB2 NM_001382782.1,3678,1082.325448613377,151.56862108096644,554,982.0,1093.0,1190.0,1424
ERBB2 NM_001382783.1,3678,1082.325448613377,151.56862108096644,554,982.0,1093.0,1190.0,1424
ERBB2 NM_001382784.1,3885,1035.1063063063064,254.82172192102254,0,958.0,1080.0,1185.0,1424
ERBB2 NM_001382785.1,3870,1042.0488372093023,235.1179231358765,53,959.0,1081.0,1185.75,1424
ERBB2 NM_001382786.1,3849,1035.0433878929591,255.97143332069905,0,956.0,1081.0,1186.0,1424
ERBB2 NM_001382787.1,3843,1057.7876658860266,191.91382269071013,255,964.0,1082.0,1186.0,1424
ERBB2 NM_001382788.1,3798,1064.413112164297,182.8091904485684,255,969.0,1085.0,1188.0,1424
ERBB2 NM_001382789.1,3789,1065.9435207178676,181.05467730955988,255,970.0,1085.0,1188.0,1424
ERBB2 NM_001382790.1,3765,1067.584860557769,180.36000288908232,255,973.0,1088.0,1189.0,1424
ERBB2 NM_001382791.1,3759,1067.733971801011,180.6306820930809,255,973.5,1088.0,1189.0,1424
ERBB2 NM_001382792.1,3732,1067.486602357985,181.49426992638934,255,972.0,1089.0,1189.0,1424
ERBB2 NM_001382793.1,3726,1067.3891572732152,181.62358724057637,255,971.25,1088.0,1189.0,1424
ERBB2 NM_001382794.1,3726,1068.1924315619967,181.3883956438421,255,974.0,1091.0,1189.0,1424
ERBB2 NM_001382795.1,3720,1067.7994623655914,181.78128684222045,255,971.0,1091.0,1189.0,1424
ERBB2 NM_001382796.1,3681,1069.9826134202663,180.93491720185492,255,976.0,1092.0,1190.0,1424
ERBB2 NM_001382797.1,3669,1069.2297628781685,182.5194551332872,255,973.0,1094.0,1191.0,1424
ERBB2 NM_001382798.1,3612,1058.767995570321,178.19972799475474,255,966.75,1079.0,1181.0,1364
ERBB2 NM_001382799.1,3588,1070.6145484949832,178.61013288957145,255,980.0,1093.0,1189.0,1424
ERBB2 NM_001382800.1,3582,1067.245951982133,182.88480932334247,255,972.0,1086.0,1190.0,1424
ERBB2 NM_001382801.1,3564,1059.236251402918,179.33731904993655,255,964.0,1081.5,1182.0,1364
ERBB2 NM_001382802.1,3510,1058.8501424501424,182.74385455957213,255,962.0,1076.0,1181.0,1424
ERBB2 NM_001382803.1,3126,1045.7207293666027,183.4856124685417,255,951.0,1065.0,1167.0,1424
ERBB2 NM_001382804.1,2940,1061.7598639455782,186.68070721344327,255,969.0,1076.0,1189.0,1424
ERBB2 NM_001382805.1,2817,1058.1938232161874,188.61030179167687,255,964.0,1083.0,1185.0,1364
ERBB2 NM_001382806.1,2730,1075.4802197802198,196.4811432680001,255,972.0,1109.0,1211.0,1424
ERBB2 NM_004448.4,3768,1067.241507430998,180.69816246079446,255,973.0,1087.5,1189.0,1424
ESR1 NM_000125.4,1788,871.8898210290828,197.81376342372144,120,787.0,917.0,994.25,1210
ESR1 NM_001122740.2,1788,871.8898210290828,197.81376342372144,120,787.0,917.0,994.25,1210
ESR1 NM_001122741.2,1788,871.8898210290828,197.81376342372144,120,787.0,917.0,994.25,1210
ESR1 NM_001122742.2,1788,871.8898210290828,197.81376342372144,120,787.0,917.0,994.25,1210
ESR1 NM_001291230.2,1794,871.5540691192865,197.56997991434565,120,785.25,916.0,994.0,1210
ESR1 NM_001291241.2,1785,872.080112044818,197.92530346913875,120,787.0,917.0,995.0,1210
ESR1 NM_001328100.2,933,937.18756698821,107.11896326797739,647,881.0,951.0,985.0,1210
ESR1 NM_001385568.1,1788,871.8898210290828,197.81376342372144,120,787.0,917.0,994.25,1210
ESR1 NM_001385569.1,1788,871.8898210290828,197.81376342372144,120,787.0,917.0,994.25,1210
ESR1 NM_001385570.1,1401,842.6288365453248,205.6399471250029,120,761.0,873.0,967.0,1210
ESR1 NM_001385571.1,1401,842.6288365453248,205.63994712500286,120,761.0,873.0,967.0,1210
ESR1 NM_001385572.1,1401,842.6288365453248,205.63994712500286,120,761.0,873.0,967.0,1210
FGFR1 NM_001174063.2,2463,844.3816483962647,128.62867490383812,446,761.0,851.0,941.0,1131
FGFR1 NM_001174064.2,2439,843.1931119311193,129.5000230334364,446,759.0,849.0,943.0,1131
FGFR1 NM_001174065.2,2463,843.8412505075112,129.595294141361,446,761.0,851.0,941.0,1131
FGFR1 NM_001174066.2,2202,847.291553133515,123.51768773540968,482,765.25,850.5,937.75,1131
FGFR1 NM_001174067.2,2562,842.952380952381,128.74298438781395,446,759.25,849.0,938.0,1131
FGFR1 NM_001354367.2,2493,827.4332129963899,136.8062890597861,446,739.0,834.0,921.0,1131
FGFR1 NM_001354368.2,2190,848.5721461187214,122.35727199667149,482,767.0,851.0,938.0,1131
FGFR1 NM_001354369.2,2487,828.2167269802975,136.03523717730198,446,741.0,834.0,923.5,1131
FGFR1 NM_001354370.2,2226,829.1999101527404,132.40309246529685,482,746.0,832.0,913.0,1131
FGFR1 NM_015850.4,2463,843.8412505075112,129.59529414136102,446,761.0,851.0,941.0,1131
FGFR1 NM_023105.3,2202,847.291553133515,123.51768773540968,482,765.25,850.5,937.75,1131
FGFR1 NM_023106.3,2196,847.6270491803278,123.51909751225055,482,766.0,851.0,938.0,1131
FGFR1 NM_023110.3,2469,843.5512353179425,129.57112082558555,446,760.0,850.0,941.0,1131
FGFR2 NM_000141.5,2466,887.5206812652068,136.97351048337833,517,782.0,898.0,993.0,1189
FGFR2 NM_001144913.1,2310,877.8943722943723,127.54359172409639,517,779.0,892.0,986.0,1157
FGFR2 NM_001144914.1,2130,892.3023474178403,140.59504037232563,517,782.0,904.0,1000.0,1189
FGFR2 NM_001144915.2,2124,875.810263653484,128.75000795494967,517,777.0,886.0,986.0,1157
FGFR2 NM_001144916.2,2121,889.4460160301744,139.1399154455881,517,781.0,899.0,995.0,1189
FGFR2 NM_001144917.2,2118,888.6133144475921,141.0783731514484,517,779.0,897.0,997.0,1189
FGFR2 NM_001144918.2,2115,889.9399527186761,139.02530920934728,517,782.0,899.0,995.5,1189
FGFR2 NM_001144919.2,2043,875.2535487028879,127.08345693029258,517,777.0,882.0,983.0,1157
FGFR2 NM_001320654.2,1782,882.0617283950618,142.8839974471907,517,770.25,889.0,992.0,1189
FGFR2 NM_001320658.2,2460,887.9406504065041,136.87416313215226,517,782.75,898.0,993.25,1189
FGFR2 NM_022970.3,2469,891.8890238963143,135.74010703636773,517,786.0,905.0,995.0,1189
FGFR2 NM_023029.2,2199,886.2360163710778,137.82862211927272,517,780.0,893.0,993.0,1189
FGFR3 NM_000142.5,2421,829.9653035935564,237.37908543218504,57,721.0,853.0,989.0,1264
FGFR3 NM_001163213.2,2427,812.0931190770499,240.65236543042388,57,683.0,836.0,973.5,1264
FGFR3 NM_001354809.2,2424,829.776402640264,237.2929397455548,57,720.0,853.0,989.0,1264
FGFR3 NM_001354810.2,2379,829.8129466162253,239.5500440764052,57,717.0,855.0,992.0,1264
FGFR3 NM_022965.4,2085,831.9827338129496,249.35369180600225,57,720.0,857.0,1000.0,1264
FLT3 NM_004119.3,2982,812.3118712273642,153.56070118990658,19,725.0,833.0,918.0,1068
GNA11 NM_002067.5,1080,890.0416666666666,283.77928925358145,112,839.0,979.5,1058.0,1244
GNAQ NM_002072.5,1080,755.4555555555555,189.56961123519136,218,657.0,753.0,912.5,1100
GNAS NM_000516.7,1185,961.610970464135,304.6953474836725,97,944.0,1044.0,1129.0,1316
GNAS NM_001077488.5,1188,961.4915824915824,304.31952197310386,97,943.75,1042.0,1129.0,1316
GNAS NM_001077489.4,1140,962.1131578947368,310.6252981621498,97,946.5,1053.5,1134.0,1316
GNAS NM_001077490.3,1881,973.6751727804359,292.3340759890046,202,822.0,1037.0,1217.0,1319
GNAS NM_001309840.2,1008,1069.9285714285713,113.99813957411037,753,992.0,1080.0,1151.25,1316
GNAS NM_001309842.2,264,542.6590909090909,384.40767391527174,97,181.75,225.5,950.5,1005
GNAS NM_001309861.2,1008,1069.9285714285713,113.99813957411038,753,992.0,1080.0,1151.25,1316
GNAS NM_001309883.1,1881,973.6751727804359,292.3340759890046,202,822.0,1037.0,1217.0,1319
GNAS NM_016592.5,738,1031.449864498645,248.428418867896,473,774.25,1099.5,1281.0,1346
GNAS NM_080425.4,3114,1007.1351958895311,243.3603571619908,202,928.0,1050.0,1192.0,1319
GNAS NM_080426.4,1143,961.9877515310586,310.226872843782,97,945.0,1052.0,1134.0,1316
HRAS NM_001130442.3,570,903.7824561403509,133.2164024622857,611,805.0,891.0,1024.0,1162
HRAS NM_001318054.2,333,905.2882882882883,95.08791626833553,664,847.0,900.0,974.0,1094
HRAS NM_005343.4,570,903.7824561403509,133.2164024622857,611,805.0,891.0,1024.0,1162
HRAS NM_176795.5,513,918.4990253411306,131.9126741914113,611,818.0,916.0,1035.0,1162
IDH1 NM_001282386.1,1245,859.7887550200803,120.63278844646008,558,771.0,856.0,965.0,1083
IDH1 NM_001282387.1,1245,859.7887550200803,120.63278844646008,558,771.0,856.0,965.0,1083
IDH1 NM_005896.4,1245,859.7887550200803,120.63278844646007,558,771.0,856.0,965.0,1083
IDH2 NM_001289910.1,1203,1121.9534497090606,153.41853673951616,769,1009.5,1119.0,1209.0,1475
IDH2 NM_001290114.2,969,1137.6728586171312,152.27650367156312,769,1038.0,1127.0,1215.0,1475
IDH2 NM_002168.4,1359,1028.9116997792494,324.0432699474149,31,975.0,1093.0,1201.0,1475
KIT NM_000222.3,2931,959.1276015011941,138.95228424145319,506,876.0,984.0,1061.0,1229
KIT NM_001093772.2,2919,959.8639945186708,138.75156299044195,506,878.0,984.0,1062.0,1229
KIT NM_001385284.1,2934,958.9089979550102,139.0493694350476,506,876.0,984.0,1061.0,1229
KIT NM_001385285.1,2928,959.1489071038251,139.02186376569148,506,876.0,984.0,1061.25,1229
KIT NM_001385286.1,2916,959.8861454046639,138.82120761787516,506,878.0,984.0,1062.0,1229
KIT NM_001385288.1,2922,959.6437371663244,138.85055859020306,506,878.0,984.0,1062.0,1229
KIT NM_001385290.1,2931,958.9300580006824,139.11896186405772,506,875.5,984.0,1061.0,1229
KIT NM_001385292.1,2919,959.6656389174375,138.92021870004405,506,877.5,984.0,1062.0,1229
KRAS NM_001369786.1,570,909.0526315789474,131.58100688426114,631,804.0,901.5,1008.0,1192
KRAS NM_001369787.1,567,865.5291005291006,176.56416200239073,466,705.5,882.0,1008.5,1192
KRAS NM_004985.5,567,865.5291005291006,176.56416200239076,466,705.5,882.0,1008.5,1192
KRAS NM_033360.4,570,909.0526315789474,131.58100688426114,631,804.0,901.5,1008.0,1192
MAP2K1 NM_002755.4,1182,1063.98730964467,167.84818553281812,685,935.0,1051.0,1190.0,1415
MAP2K2 NM_030662.4,1203,810.1612635078969,195.80392904982094,170,737.0,860.0,935.5,1086
MDM2 NM_001145337.3,1335,916.2307116104869,172.64060593096247,549,769.0,911.0,1085.5,1225
MDM2 NM_001145339.2,1329,914.9375470278405,175.22738630117797,545,772.0,906.0,1086.0,1225
MDM2 NM_001145340.3,888,953.0540540540541,179.63637141791608,545,771.75,1029.5,1110.0,1225
MDM2 NM_001278462.2,966,939.4606625258799,178.31817056472468,545,771.25,949.0,1106.0,1225
MDM2 NM_001367990.1,1476,903.9329268292682,171.4124144778399,545,764.0,889.5,1071.25,1225
MDM2 NM_002392.5,1494,903.3192771084338,170.89414338026333,545,764.25,891.0,1069.75,1225
MET NM_000245.4,4173,1868.7155523604122,224.42673714447312,1170,1740.0,1907.0,2032.0,2279
MET NM_001127500.3,4227,1867.8476460846937,224.12936665396117,1170,1736.0,1906.0,2030.0,2279
MET NM_001324401.3,2805,1856.7600713012478,218.138049910659,1170,1752.0,1901.0,2016.0,2254
MET NM_001324402.2,2883,1824.667707249393,241.36649036886988,1170,1654.5,1850.0,2009.0,2279
MLH1 NM_000249.4,2271,869.1924262439454,123.83907937876262,478,792.0,877.0,959.0,1115
MLH1 NM_001167617.3,1977,881.4203338391502,122.17030263298464,478,810.0,887.0,974.0,1115
MLH1 NM_001167618.3,1548,886.7338501291989,128.6632640575391,478,804.0,888.0,996.25,1115
MLH1 NM_001167619.3,1548,886.7338501291989,128.6632640575391,478,804.0,888.0,996.25,1115
MLH1 NM_001258271.2,2064,866.4757751937984,127.2165545981321,478,785.0,875.0,957.25,1115
MLH1 NM_001258273.2,1548,886.7338501291989,128.6632640575391,478,804.0,888.0,996.25,1115
MLH1 NM_001258274.3,1548,886.7338501291989,128.6632640575391,478,804.0,888.0,996.25,1115
MLH1 NM_001354615.2,1548,886.7338501291989,128.6632640575391,478,804.0,888.0,996.25,1115
MLH1 NM_001354616.2,1548,886.7338501291989,128.6632640575391,478,804.0,888.0,996.25,1115
MLH1 NM_001354617.2,1548,886.7338501291989,128.6632640575391,478,804.0,888.0,996.25,1115
MLH1 NM_001354618.2,1548,886.7338501291989,128.6632640575391,478,804.0,888.0,996.25,1115
MLH1 NM_001354619.2,1548,886.7338501291989,128.6632640575391,478,804.0,888.0,996.25,1115
MLH1 NM_001354620.2,1977,881.4203338391502,122.17030263298464,478,810.0,887.0,974.0,1115
MLH1 NM_001354621.2,1248,884.3189102564103,121.92751956403957,478,806.0,885.0,981.0,1115
MLH1 NM_001354622.2,1248,884.3189102564103,121.92751956403957,478,806.0,885.0,981.0,1115
MLH1 NM_001354623.2,1248,884.3189102564103,121.92751956403957,478,806.0,885.0,981.0,1115
MLH1 NM_001354624.2,1197,896.1821219715956,108.5764002757103,619,821.0,888.0,985.0,1115
MLH1 NM_001354625.2,1197,896.1821219715956,108.5764002757103,619,821.0,888.0,985.0,1115
MLH1 NM_001354626.2,1197,896.1821219715956,108.5764002757103,619,821.0,888.0,985.0,1115
MLH1 NM_001354627.2,1197,896.1821219715956,108.5764002757103,619,821.0,888.0,985.0,1115
MLH1 NM_001354628.2,2178,865.2033976124885,124.44476021105133,478,787.0,874.0,951.0,1115
MLH1 NM_001354629.2,2172,874.4254143646409,122.4754403738212,478,796.0,883.0,963.0,1115
MLH1 NM_001354630.2,2106,864.0246913580247,123.61302100706773,478,788.0,874.0,948.75,1115
MSH2 NM_000251.3,2805,800.0434937611408,152.30709683162692,429,678.0,787.0,930.0,1114
MSH2 NM_001258281.1,2607,814.6689681626391,146.61277817013266,475,702.0,805.0,938.0,1114
MSH6 NM_000179.3,4083,926.1185402890031,186.1383378034211,259,879.0,982.0,1039.0,1227
MSH6 NM_001281492.2,3693,934.1567831031682,183.3831724176007,284,897.0,985.0,1042.0,1227
MSH6 NM_001281493.2,3177,974.7790368271955,120.10011158288164,559,930.0,994.0,1052.0,1227
MSH6 NM_001281494.2,3177,974.7790368271955,120.10011158288164,559,930.0,994.0,1052.0,1227
MUTYH NM_001048171.2,1566,934.0759897828864,108.85015628001018,670,860.25,923.0,992.75,1204
MUTYH NM_001048172.2,1569,933.8368387507967,108.88349837588595,670,860.0,922.0,992.0,1204
MUTYH NM_001048173.2,1566,934.0759897828864,108.85015628001021,670,860.25,923.0,992.75,1204
MUTYH NM_001048174.2,1566,934.0759897828864,108.85015628001021,670,860.25,923.0,992.75,1204
MUTYH NM_001128425.2,1650,925.670303030303,113.12315491353468,619,849.0,914.0,985.0,1204
MUTYH NM_001293190.2,1611,930.8162631905649,109.11281874099497,670,854.0,920.0,988.0,1204
MUTYH NM_001293191.2,1599,930.130081300813,111.30348679240052,664,855.0,921.0,989.0,1204
MUTYH NM_001293192.2,1290,951.3217054263566,108.01919740108515,681,874.0,938.0,1025.75,1204
MUTYH NM_001293195.2,1566,934.0759897828864,108.85015628001021,670,860.25,923.0,992.75,1204
MUTYH NM_001293196.2,1290,951.3217054263566,108.01919740108515,681,874.0,938.0,1025.75,1204
MUTYH NM_001350650.2,1221,949.8181818181819,111.42283088721545,681,871.0,932.0,1030.0,1204
MUTYH NM_001350651.2,1221,949.8181818181819,111.42283088721545,681,871.0,932.0,1030.0,1204
MUTYH NM_012222.3,1641,927.2595978062158,111.36861835029102,664,850.0,915.0,985.0,1204
MYC NM_001354870.1,1362,4885.608663729809,471.3682137771045,3142,4551.0,5014.5,5221.75,5618
MYC NM_002467.6,1365,4882.855677655678,474.49229277266295,3142,4544.0,5012.0,5221.0,5618
MYCN NM_001293228.2,1395,3501.0573476702507,1990.1439948141503,65,1411.0,4460.0,4883.5,6335
MYCN NM_001293231.2,762,4653.39501312336,1020.8740928267287,2291,4230.75,4692.0,5211.5,6335
MYCN NM_001293233.2,339,3616.197640117994,739.7622194301284,2291,2901.5,3697.0,4344.5,4649
MYCN NM_005378.6,1395,3501.0573476702507,1990.1439948141503,65,1411.0,4460.0,4883.5,6335
NRAS NM_002524.5,570,841.1649122807017,175.36458882207077,281,758.0,867.0,975.0,1105
NTRK1 NM_001007792.1,2283,1055.9290407358737,180.70922759030213,509,946.0,1064.0,1172.0,1479
NTRK1 NM_001012331.2,2373,996.5916561314791,266.23621049470313,62,885.0,1038.0,1169.0,1479
NTRK1 NM_002529.4,2391,1000.0807193642827,268.2419701864795,62,886.0,1040.0,1171.0,1479
NTRK2 NM_001007097.3,1434,897.9637377963738,119.0590291307692,585,824.0,908.0,973.0,1131
NTRK2 NM_001018064.3,2469,953.3134872417983,150.30613730388214,585,859.0,946.0,1050.0,1343
NTRK2 NM_001018065.2,1662,926.3628158844765,143.69065085767502,585,830.0,920.0,1028.0,1295
NTRK2 NM_001018066.3,1614,929.7967781908302,144.37057380594572,585,841.25,926.0,1030.75,1295
NTRK2 NM_001291937.2,1395,900.2616487455197,119.32130976001899,585,827.0,910.0,974.0,1131
NTRK2 NM_001369532.1,2469,953.3134872417983,150.30613730388214,585,859.0,946.0,1050.0,1343
NTRK2 NM_001369533.1,2469,953.3134872417983,150.30613730388214,585,859.0,946.0,1050.0,1343
NTRK2 NM_001369534.1,2433,958.0632963419647,146.20762467006486,585,862.0,949.0,1052.0,1343
NTRK2 NM_001369535.1,2001,980.9020489755122,148.07773094155516,609,883.0,986.0,1072.0,1343
NTRK2 NM_001369536.1,2049,976.9194729136163,148.60182961904707,609,877.0,979.0,1069.0,1343
NTRK2 NM_001369537.1,1662,926.3628158844765,143.69065085767502,585,830.0,920.0,1028.0,1295
NTRK2 NM_001369538.1,1614,929.7967781908302,144.37057380594572,585,841.25,926.0,1030.75,1295
NTRK2 NM_001369539.1,1434,897.9637377963738,119.0590291307692,585,824.0,908.0,973.0,1131
NTRK2 NM_001369540.1,1434,897.9637377963738,119.05902913076919,585,824.0,908.0,973.0,1131
NTRK2 NM_001369541.1,1434,897.9637377963738,119.0590291307692,585,824.0,908.0,973.0,1131
NTRK2 NM_001369542.1,1434,897.9637377963738,119.0590291307692,585,824.0,908.0,973.0,1131
NTRK2 NM_001369543.1,1434,897.9637377963738,119.0590291307692,585,824.0,908.0,973.0,1131
NTRK2 NM_001369544.1,1434,897.9637377963738,119.0590291307692,585,824.0,908.0,973.0,1131
NTRK2 NM_001369545.1,1434,897.9637377963738,119.0590291307692,585,824.0,908.0,973.0,1131
NTRK2 NM_001369546.1,1395,900.2616487455197,119.32130976001899,585,827.0,910.0,974.0,1131
NTRK2 NM_001369547.1,1416,895.1560734463277,122.08920595383118,585,815.0,908.0,973.25,1131
NTRK2 NM_001369548.1,1434,897.9637377963738,119.0590291307692,585,824.0,908.0,973.0,1131
NTRK2 NM_001369549.1,1434,897.9637377963738,119.0590291307692,585,824.0,908.0,973.0,1131
NTRK2 NM_001369550.1,966,928.296066252588,119.24462306363048,609,858.0,937.0,1028.0,1131
NTRK2 NM_001369551.1,966,928.296066252588,119.24462306363048,609,858.0,937.0,1028.0,1131
NTRK2 NM_001369552.1,966,928.296066252588,119.24462306363048,609,858.0,937.0,1028.0,1131
NTRK2 NM_006180.6,2517,950.5975367500994,150.1563034405429,585,853.0,943.0,1049.0,1343
NTRK3 NM_001007156.3,1839,900.9042958129418,177.87013570973915,294,824.0,954.0,1015.5,1232
NTRK3 NM_001012338.3,2520,919.7734126984127,183.96428491885308,294,827.0,968.0,1039.0,1232
NTRK3 NM_001243101.2,2454,927.6837815810921,178.3226012255036,294,842.25,972.0,1042.0,1232
NTRK3 NM_001320134.1,1704,905.950117370892,182.00653773106768,294,831.0,964.0,1021.0,1232
NTRK3 NM_001320135.2,1854,976.0711974110033,129.95564979285214,536,902.0,985.0,1057.0,1232
NTRK3 NM_001375810.1,2520,919.7734126984127,183.96428491885308,294,827.0,968.0,1039.0,1232
NTRK3 NM_001375811.1,2478,926.6073446327683,177.79558164355262,294,836.25,970.0,1041.0,1232
NTRK3 NM_001375812.1,2454,927.6837815810921,178.3226012255036,294,842.25,972.0,1042.0,1232
NTRK3 NM_001375813.1,1839,900.9042958129418,177.87013570973915,294,824.0,954.0,1015.5,1232
NTRK3 NM_001375814.1,1815,902.0198347107438,178.769041107254,294,826.5,957.0,1016.0,1232
NTRK3 NM_002530.4,2478,926.6073446327683,177.79558164355262,294,836.25,970.0,1041.0,1232
PALB2 NM_024675.4,3561,1074.871103622578,125.09676236454189,663,1016.0,1097.0,1159.0,1303
PDGFRA NM_001347827.2,2424,1024.519801980198,149.4825316195549,660,919.0,1027.0,1123.0,1377
PDGFRA NM_001347828.2,3345,1014.7192825112107,197.34130366817877,2,930.0,1043.0,1126.0,1377
PDGFRA NM_001347829.2,3270,1034.1905198776758,140.3265674075232,660,938.0,1046.5,1128.0,1377
PDGFRA NM_001347830.2,3309,1033.0135992747053,140.07433722140078,660,935.0,1044.0,1127.0,1377
PDGFRA NM_006206.6,3270,1034.1905198776758,140.3265674075232,660,938.0,1046.5,1128.0,1377
PIK3CA NM_006218.4,3207,865.6251948861865,131.0492203517018,532,775.0,880.0,963.0,1136
PMS2 NM_000535.7,2589,1163.1135573580534,186.70586449130877,690,1020.0,1176.0,1301.0,1612
PMS2 NM_001322003.2,2184,1180.3727106227107,190.6034713380072,690,1024.0,1205.0,1315.0,1612
PMS2 NM_001322004.2,2184,1180.3727106227107,190.6034713380072,690,1024.0,1205.0,1315.0,1612
PMS2 NM_001322005.2,2184,1180.3727106227107,190.60347133800724,690,1024.0,1205.0,1315.0,1612
PMS2 NM_001322006.2,2433,1176.8314837648993,182.53942538768158,730,1036.0,1195.0,1304.0,1612
PMS2 NM_001322007.2,2271,1176.2038749449582,189.5389079417329,690,1022.0,1201.0,1311.5,1612
PMS2 NM_001322008.2,2271,1176.2038749449582,189.5389079417329,690,1022.0,1201.0,1311.5,1612
PMS2 NM_001322009.2,2217,1176.9481281010374,191.34548421573095,690,1020.0,1201.0,1314.0,1612
PMS2 NM_001322010.2,2028,1198.1577909270218,184.16069095278417,739,1062.0,1220.0,1323.0,1612
PMS2 NM_001322011.2,1656,1200.7530193236714,197.41403113447475,690,1039.75,1234.0,1336.0,1612
PMS2 NM_001322012.2,1656,1200.7530193236714,197.41403113447475,690,1039.75,1234.0,1336.0,1612
PMS2 NM_001322013.2,2016,1179.549107142857,194.06151737337572,690,1021.0,1204.0,1314.25,1612
PMS2 NM_001322014.2,2622,1160.4351639969489,187.14624721682375,690,1014.0,1170.5,1300.0,1612
PMS2 NM_001322015.2,2280,1175.1916666666666,190.395753334896,690,1022.0,1199.5,1311.0,1612
POLE NM_006231.4,6861,1077.8011951610551,160.67172898241373,216,991.0,1102.0,1185.0,1410
PTCH1 NM_000264.5,4344,997.2272099447514,231.8551293376548,15,927.0,1040.0,1135.0,1545
PTCH1 NM_001083602.3,4146,1034.7404727448143,155.77208053198297,219,946.0,1047.0,1137.0,1545
PTCH1 NM_001083603.3,4341,1015.1462796590647,178.09525108514867,410,927.0,1040.0,1135.0,1545
PTCH1 NM_001083604.3,3891,1051.9321511179646,137.28288218062295,662,958.5,1057.0,1141.0,1545
PTCH1 NM_001083605.3,3891,1051.9321511179646,137.28288218062295,662,958.5,1057.0,1141.0,1545
PTCH1 NM_001083606.3,3891,1051.9321511179646,137.28288218062295,662,958.5,1057.0,1141.0,1545
PTCH1 NM_001083607.3,3891,1051.9321511179646,137.28288218062295,662,958.5,1057.0,1141.0,1545
PTCH1 NM_001354918.2,4188,998.9512893982808,235.12095077013575,15,929.0,1042.0,1137.0,1545
PTCH1 NM_001354919.2,552,926.1213768115942,206.5207453787274,219,780.0,953.0,1109.0,1240
PTEN NM_000314.8,1212,800.3457095709571,148.37702258811424,508,690.0,804.0,922.5,1080
PTEN NM_001304717.5,1731,671.2253032928943,269.24986368330315,77,566.0,743.0,842.0,1080
PTEN NM_001304718.2,621,839.7326892109501,126.62982389887347,530,746.0,825.0,935.0,1080
RAD51C NM_002876.4,408,1195.0024509803923,194.45669918104082,783,1037.5,1186.0,1378.25,1503
RAD51C NM_058216.3,1131,1157.8222811671087,151.9963183022751,783,1054.5,1165.0,1254.0,1503
RAD51D NM_001142571.2,1047,1036.8252148997135,125.81202788958198,689,975.5,1056.0,1128.5,1261
RAD51D NM_002878.4,987,1023.8986828774063,125.3954065347206,689,955.5,1045.0,1102.0,1261
RAD51D NM_133629.3,651,1045.6804915514592,136.63858866053403,689,1005.0,1066.0,1149.0,1261
RAF1 NM_001354689.3,2007,928.2620827105133,112.0816007050102,609,850.0,934.0,1017.0,1162
RAF1 NM_001354690.3,1947,926.9481253210067,113.32186323421583,609,848.0,932.0,1018.0,1162
RAF1 NM_001354691.3,1704,924.9025821596244,111.59696964507016,609,849.0,930.0,1014.0,1162
RAF1 NM_001354692.3,1704,924.9025821596244,111.59696964507016,609,849.0,930.0,1014.0,1162
RAF1 NM_001354693.3,1848,927.1823593073593,115.0958677287156,609,847.0,932.0,1023.0,1162
RAF1 NM_001354694.3,1764,926.4671201814059,110.24868782323209,609,850.0,934.0,1013.25,1162
RAF1 NM_001354695.3,1605,925.0461059190031,113.56684945161301,609,848.0,929.0,1020.0,1162
RAF1 NM_002880.4,1947,926.9481253210067,113.32186323421583,609,848.0,932.0,1018.0,1162
RET NM_001355216.1,2457,965.5506715506715,172.40725678207545,444,865.0,986.0,1086.0,1290
RET NM_020630.6,3219,966.7639018328673,248.94048110754554,160,837.0,995.0,1116.0,1584
RET NM_020975.6,3345,969.4044843049327,245.5449886013832,160,844.0,1001.0,1118.0,1584
RICTOR NM_001285439.2,5199,1073.3671859973072,220.33304133486848,318,936.0,1078.0,1255.0,1487
RICTOR NM_001285440.2,4158,1104.910533910534,209.11634347683275,488,951.0,1112.0,1293.0,1487
RICTOR NM_152756.5,5127,1072.9966842207918,221.79712240765608,318,933.0,1075.0,1259.0,1487
ROS1 NM_001378891.1,7032,937.2785836177475,156.28707928907116,456,827.0,955.0,1057.0,1251
ROS1 NM_001378902.1,7026,937.5041275263308,156.12255901988794,456,827.0,956.0,1057.0,1251
ROS1 NM_002944.3,7044,937.0069562748438,156.4271660518743,456,827.0,955.0,1056.0,1251
SMAD4 NM_005359.6,1659,796.8740204942736,124.75359228441836,506,706.5,794.0,882.5,1080
SMARCB1 NM_001007468.3,1131,866.2157382847038,198.9082889125159,281,790.5,885.0,996.5,1211
SMARCB1 NM_001317946.2,1185,870.315611814346,195.26206394449153,281,794.0,897.0,991.0,1211
SMARCB1 NM_001362877.2,1212,866.940594059406,194.41062072075044,281,788.0,891.0,989.0,1211
SMARCB1 NM_003073.5,1158,862.7789291882556,197.8767577079997,281,784.25,879.5,994.0,1211
SMO NM_005631.5,2364,1063.5850253807107,366.69412631305124,52,1002.5,1161.0,1299.0,1530
STK11 NM_000455.5,1302,1011.821044546851,208.30669257908042,305,886.25,1005.5,1164.0,1432
SUFU NM_001178133.2,1302,909.7081413210445,265.88457658516774,114,855.25,1010.0,1085.0,1203
SUFU NM_016169.4,1455,921.9786941580757,253.39242491399713,114,881.5,1012.0,1082.0,1203
TERT NM_001193376.3,3210,1048.3196261682242,405.3932069582723,84,739.0,1191.0,1364.0,1578
TERT NM_198253.3,3399,1065.4948514268904,402.0444184886481,84,771.0,1202.0,1381.0,1578
TP53 NM_000546.6,1182,904.7089678510998,149.37787975801442,470,804.0,937.0,1024.0,1140
TP53 NM_001126112.3,1182,904.7089678510998,149.37787975801442,470,804.0,937.0,1024.0,1140
TP53 NM_001126113.3,1041,900.0682036503362,160.76999862901621,470,779.0,951.0,1032.0,1140
TP53 NM_001126114.3,1026,905.0945419103314,157.8745282268901,470,790.0,953.0,1032.0,1140
TP53 NM_001126115.2,786,941.4389312977099,129.0528236719752,584,865.25,967.0,1040.0,1140
TP53 NM_001126116.2,630,951.1619047619048,137.9494244188028,584,839.0,998.0,1050.0,1140
TP53 NM_001126117.2,645,941.9782945736434,146.3272713324359,584,811.0,997.0,1049.0,1140
TP53 NM_001126118.2,1065,932.4572769953052,126.36512582407049,572,851.0,959.0,1030.0,1140
TP53 NM_001276695.3,924,931.4632034632035,138.4775826553492,572,820.25,969.0,1037.0,1140
TP53 NM_001276696.3,909,937.6545654565457,132.8216797259957,572,835.0,971.0,1038.0,1140
TP53 NM_001276697.3,705,932.6,129.55387392895668,584,849.0,962.0,1034.0,1140
TP53 NM_001276698.3,549,941.2459016393443,140.5587767235195,584,813.0,992.0,1046.0,1140
TP53 NM_001276699.3,564,931.0070921985815,149.1551219156121,584,794.75,987.5,1044.0,1140
TP53 NM_001276760.3,1065,932.4572769953052,126.36512582407049,572,851.0,959.0,1030.0,1140
TP53 NM_001276761.3,1065,932.4572769953052,126.36512582407047,572,851.0,959.0,1030.0,1140
TPMT NM_000367.5,738,825.9227642276422,135.0867382919665,530,732.0,797.5,925.75,1165
TPMT NM_001346817.1,738,825.9227642276422,135.0867382919665,530,732.0,797.5,925.75,1165
TPMT NM_001346818.1,693,817.5497835497836,135.0505339612509,530,728.0,789.0,881.0,1165
TSC2 NM_000548.5,5424,1033.402470501475,134.50388444308058,584,939.0,1044.5,1137.0,1296
TSC2 NM_001077183.3,5223,1034.3413746888762,135.25822242940535,584,940.0,1045.0,1139.5,1296
TSC2 NM_001114382.3,5355,1034.2593837535014,134.54076257464243,584,940.0,1045.0,1138.0,1296
TSC2 NM_001318827.2,5115,1036.4752688172043,135.76113569175348,584,942.5,1050.0,1142.5,1296
TSC2 NM_001318829.2,5079,1031.0181138019295,134.6866290805365,584,937.5,1042.0,1135.0,1296
TSC2 NM_001318831.2,4692,1037.4119778346121,136.6719832500781,584,943.0,1055.0,1143.0,1296
TSC2 NM_001318832.2,5256,1033.9450152207,134.97852745989783,584,940.0,1044.0,1139.0,1296
TSC2 NM_001363528.2,5226,1034.2234978951396,135.30889909057018,584,940.0,1045.0,1139.0,1296
TSC2 NM_001370404.1,5292,1033.4620181405896,135.21174680597696,584,939.0,1044.0,1138.0,1296
TSC2 NM_001370405.1,5283,1033.2623509369676,135.40090833926885,584,938.0,1044.0,1138.0,1296
TSC2 NM_021055.3,5295,1033.3461756373938,135.26105282115205,584,939.0,1044.0,1138.0,1296
UGT1A1 NM_000463.3,1602,933.6104868913858,122.95576649578513,551,874.0,941.0,1014.0,1185
