9606	1806	REVIEWED	NM_000110.4	1732746202	NP_000101.2	119943098	NC_000001.11	568815597	97077742	97921058	-	Reference GRCh38.p13 Primary Assembly	-	-	DPYD
9606	1806	REVIEWED	NM_000110.4	1732746202	NP_000101.2	119943098	NG_008807.2	485837248	5000	848316	+	-	-	-	DPYD
9606	4914	REVIEWED	NM_001007792.1	56118209	NP_001007793.1	56118210	NC_000001.11	568815597	156815749	156881849	+	Reference GRCh38.p13 Primary Assembly	-	-	NTRK1
9606	4914	REVIEWED	NM_001007792.1	56118209	NP_001007793.1	56118210	NG_007493.1	171184443	5000	71100	+	-	-	-	NTRK1
9606	4914	REVIEWED	NM_001012331.2	1890268185	NP_001012331.1	59889558	NC_000001.11	568815597	156815749	156881849	+	Reference GRCh38.p13 Primary Assembly	-	-	NTRK1
9606	4914	REVIEWED	NM_001012331.2	1890268185	NP_001012331.1	59889558	NG_007493.1	171184443	5000	71100	+	-	-	-	NTRK1
9606	4921	REVIEWED	NM_001014796.3	1676319988	NP_001014796.1	62420886	NC_000001.11	568815597	162630862	162787404	+	Reference GRCh38.p13 Primary Assembly	-	-	DDR2
9606	4595	REVIEWED	NM_001048171.2	1783658045	NP_001041636.2	1783658046	NC_000001.11	568815597	45329241	45340446	-	Reference GRCh38.p13 Primary Assembly	-	-	MUTYH
9606	4595	REVIEWED	NM_001048172.2	1889428133	NP_001041637.1	115298650	NC_000001.11	568815597	45329241	45340446	-	Reference GRCh38.p13 Primary Assembly	-	-	MUTYH
9606	4595	REVIEWED	NM_001048173.2	1889589547	NP_001041638.1	115298652	NC_000001.11	568815597	45329241	45340446	-	Reference GRCh38.p13 Primary Assembly	-	-	MUTYH
9606	4595	REVIEWED	NM_001048174.2	1802563994	NP_001041639.1	115298654	NC_000001.11	568815597	45329241	45340446	-	Reference GRCh38.p13 Primary Assembly	-	-	MUTYH
9606	4595	REVIEWED	NM_001128425.2	1778643641	NP_001121897.1	190358497	NC_000001.11	568815597	45329241	45340446	-	Reference GRCh38.p13 Primary Assembly	-	-	MUTYH
9606	4595	REVIEWED	NM_001128425.2	1778643641	NP_001121897.1	190358497	NG_008189.1	194018735	5000	16228	+	-	-	-	MUTYH
9606	1806	REVIEWED	NM_001160301.1	237757299	NP_001153773.1	237757300	NC_000001.11	568815597	97077742	97921058	-	Reference GRCh38.p13 Primary Assembly	-	-	DPYD
9606	1806	REVIEWED	NM_001160301.1	237757299	NP_001153773.1	237757300	NG_008807.2	485837248	5000	848316	+	-	-	-	DPYD
9606	4595	REVIEWED	NM_001293190.2	1890264289	NP_001280119.1	645066007	NC_000001.11	568815597	45329241	45340446	-	Reference GRCh38.p13 Primary Assembly	-	-	MUTYH
9606	4595	REVIEWED	NM_001293191.2	1890327870	NP_001280120.1	645066005	NC_000001.11	568815597	45329241	45340446	-	Reference GRCh38.p13 Primary Assembly	-	-	MUTYH
9606	4595	REVIEWED	NM_001293192.2	1890335928	NP_001280121.1	645066009	NC_000001.11	568815597	45329241	45340446	-	Reference GRCh38.p13 Primary Assembly	-	-	MUTYH
9606	4595	REVIEWED	NM_001293195.2	1889641650	NP_001280124.1	645066013	NC_000001.11	568815597	45329241	45340446	-	Reference GRCh38.p13 Primary Assembly	-	-	MUTYH
9606	4595	REVIEWED	NM_001293196.2	1890273906	NP_001280125.1	645066016	NC_000001.11	568815597	45329241	45340446	-	Reference GRCh38.p13 Primary Assembly	-	-	MUTYH
9606	4595	REVIEWED	NM_001350650.2	1890273490	NP_001337579.1	1183596750	NC_000001.11	568815597	45329241	45340446	-	Reference GRCh38.p13 Primary Assembly	-	-	MUTYH
9606	4595	REVIEWED	NM_001350651.2	1890267240	NP_001337580.1	1183596752	NC_000001.11	568815597	45329241	45340446	-	Reference GRCh38.p13 Primary Assembly	-	-	MUTYH
9606	4921	REVIEWED	NM_001354982.2	1676318576	NP_001341911.1	1238789345	NC_000001.11	568815597	162630862	162787404	+	Reference GRCh38.p13 Primary Assembly	-	-	DDR2
9606	4921	REVIEWED	NM_001354983.2	1676318351	NP_001341912.1	1238789370	NC_000001.11	568815597	162630862	162787404	+	Reference GRCh38.p13 Primary Assembly	-	-	DDR2
9606	4893	REVIEWED	NM_002524.5	1519244088	NP_002515.1	4505451	NC_000001.11	568815597	114704468	114716770	-	Reference GRCh38.p13 Primary Assembly	-	-	NRAS
9606	4893	REVIEWED	NM_002524.5	1519244088	NP_002515.1	4505451	NG_007572.1	187423895	5000	17437	+	-	-	-	NRAS
9606	4914	REVIEWED	NM_002529.4	1890263113	NP_002520.2	4585712	NC_000001.11	568815597	156815749	156881849	+	Reference GRCh38.p13 Primary Assembly	-	-	NTRK1
9606	4914	REVIEWED	NM_002529.4	1890263113	NP_002520.2	4585712	NG_007493.1	171184443	5000	71100	+	-	-	-	NTRK1
9606	4921	REVIEWED	NM_006182.4	1519311458	NP_006173.2	62420884	NC_000001.11	568815597	162630862	162787404	+	Reference GRCh38.p13 Primary Assembly	-	-	DDR2
9606	4921	REVIEWED	NM_006182.4	1519311458	NP_006173.2	62420884	NG_016290.2	1245680447	6251	161192	+	-	-	-	DDR2
9606	4595	REVIEWED	NM_012222.3	1890342928	NP_036354.1	6912520	NC_000001.11	568815597	45329241	45340446	-	Reference GRCh38.p13 Primary Assembly	-	-	MUTYH
9606	2956	REVIEWED	NM_000179.3	1778901296	NP_000170.1	4504191	NC_000002.12	568815596	47783144	47806953	+	Reference GRCh38.p13 Primary Assembly	-	-	MSH6
9606	2956	REVIEWED	NM_000179.3	1778901296	NP_000170.1	4504191	NG_007111.1	160948586	4935	28806	+	-	-	-	MSH6
9606	4436	REVIEWED	NM_000251.3	1732746316	NP_000242.1	4557761	NC_000002.12	568815596	47403066	47634500	+	Reference GRCh38.p13 Primary Assembly	-	-	MSH2
9606	4436	REVIEWED	NM_000251.3	1732746316	NP_000242.1	4557761	NG_007110.2	382544768	4943	85104	+	-	-	-	MSH2
9606	54658	REVIEWED	NM_000463.3	1732746141	NP_000454.1	8850236	NC_000002.12	568815596	233760269	233773299	+	Reference GRCh38.p13 Primary Assembly	-	-	UGT1A1
9606	54658	REVIEWED	NM_000463.3	1732746141	NP_000454.1	8850236	NG_002601.2	296012512	175529	188555	+	-	-	-	UGT1A1
9606	54658	REVIEWED	NM_000463.3	1732746141	NP_000454.1	8850236	NG_033238.1	493799783	5000	18026	+	-	-	-	UGT1A1
9606	4436	REVIEWED	NM_001258281.1	384871701	NP_001245210.1	384871702	NC_000002.12	568815596	47403066	47634500	+	Reference GRCh38.p13 Primary Assembly	-	-	MSH2
9606	2956	REVIEWED	NM_001281492.2	1890272328	NP_001268421.1	528078296	NC_000002.12	568815596	47783144	47806953	+	Reference GRCh38.p13 Primary Assembly	-	-	MSH6
9606	2956	REVIEWED	NM_001281493.2	1889670133	NP_001268422.1	528078300	NC_000002.12	568815596	47783144	47806953	+	Reference GRCh38.p13 Primary Assembly	-	-	MSH6
9606	2956	REVIEWED	NM_001281494.2	1889546488	NP_001268423.1	528078302	NC_000002.12	568815596	47783144	47806953	+	Reference GRCh38.p13 Primary Assembly	-	-	MSH6
9606	3417	REVIEWED	NM_001282386.1	538917487	NP_001269315.1	538917488	NC_000002.12	568815596	208236226	208255070	-	Reference GRCh38.p13 Primary Assembly	-	-	IDH1
9606	3417	REVIEWED	NM_001282386.1	538917487	NP_001269315.1	538917488	NG_023319.2	454608191	15931	34847	+	-	-	-	IDH1
9606	3417	REVIEWED	NM_001282387.1	538917680	NP_001269316.1	538917681	NC_000002.12	568815596	208236226	208255070	-	Reference GRCh38.p13 Primary Assembly	-	-	IDH1
9606	3417	REVIEWED	NM_001282387.1	538917680	NP_001269316.1	538917681	NG_023319.2	454608191	15931	34847	+	-	-	-	IDH1
9606	4613	REVIEWED	NM_001293228.2	1676318622	NP_001280157.1	648216288	NC_000002.12	568815596	15940549	15947003	+	Reference GRCh38.p13 Primary Assembly	-	-	MYCN
9606	4613	REVIEWED	NM_001293231.2	1676324825	NP_001280160.1	648216291	NC_000002.12	568815596	15940549	15947003	+	Reference GRCh38.p13 Primary Assembly	-	-	MYCN
9606	4613	REVIEWED	NM_001293233.2	1676320043	NP_001280162.1	648216293	NC_000002.12	568815596	15940549	15947003	+	Reference GRCh38.p13 Primary Assembly	-	-	MYCN
9606	238	REVIEWED	NM_001353765.2	1889649884	NP_001340694.1	1219456112	NC_000002.12	568815596	29190991	29921588	-	Reference GRCh38.p13 Primary Assembly	-	-	ALK
9606	238	REVIEWED	NM_004304.5	1519313555	NP_004295.2	29029632	NC_000002.12	568815596	29190991	29921588	-	Reference GRCh38.p13 Primary Assembly	-	-	ALK
9606	238	REVIEWED	NM_004304.5	1519313555	NP_004295.2	29029632	NG_009445.1	221554531	4955	733792	+	-	-	-	ALK
9606	4613	REVIEWED	NM_005378.6	1519314151	NP_005369.2	19923312	NC_000002.12	568815596	15940549	15947003	+	Reference GRCh38.p13 Primary Assembly	-	-	MYCN
9606	4613	REVIEWED	NM_005378.6	1519314151	NP_005369.2	19923312	NG_007457.1	170014707	4989	11443	+	-	-	-	MYCN
9606	3417	REVIEWED	NM_005896.4	1812588763	NP_005887.2	28178825	NC_000002.12	568815596	208236226	208255070	-	Reference GRCh38.p13 Primary Assembly	-	-	IDH1
9606	3417	REVIEWED	NM_005896.4	1812588763	NP_005887.2	28178825	NG_023319.2	454608191	15931	34847	+	-	-	-	IDH1
9606	4292	REVIEWED	NM_000249.4	1774775119	NP_000240.1	4557757	NC_000003.12	568815595	36993486	37050845	+	Reference GRCh38.p13 Primary Assembly	-	-	MLH1
9606	4292	REVIEWED	NM_000249.4	1774775119	NP_000240.1	4557757	NG_007109.2	382544572	5000	62496	+	-	-	-	MLH1
9606	1499	REVIEWED	NM_001098209.2	1675063953	NP_001091679.1	148233338	NC_000003.12	568815595	41199421	41240444	+	Reference GRCh38.p13 Primary Assembly	-	-	CTNNB1
9606	1499	REVIEWED	NM_001098210.2	1675101334	NP_001091680.1	148227672	NC_000003.12	568815595	41199421	41240444	+	Reference GRCh38.p13 Primary Assembly	-	-	CTNNB1
9606	4292	REVIEWED	NM_001167617.3	1890271637	NP_001161089.1	263191589	NC_000003.12	568815595	36993486	37050845	+	Reference GRCh38.p13 Primary Assembly	-	-	MLH1
9606	4292	REVIEWED	NM_001167618.3	1890270697	NP_001161090.1	263191713	NC_000003.12	568815595	36993486	37050845	+	Reference GRCh38.p13 Primary Assembly	-	-	MLH1
9606	4292	REVIEWED	NM_001167619.3	1890270139	NP_001161091.1	263191733	NC_000003.12	568815595	36993486	37050845	+	Reference GRCh38.p13 Primary Assembly	-	-	MLH1
9606	4292	REVIEWED	NM_001258271.2	1890333763	NP_001245200.1	384871676	NC_000003.12	568815595	36993486	37050845	+	Reference GRCh38.p13 Primary Assembly	-	-	MLH1
9606	4292	REVIEWED	NM_001258273.2	1890266938	NP_001245202.1	384871681	NC_000003.12	568815595	36993486	37050845	+	Reference GRCh38.p13 Primary Assembly	-	-	MLH1
9606	4292	REVIEWED	NM_001258274.3	1890342831	NP_001245203.1	384871683	NC_000003.12	568815595	36993486	37050845	+	Reference GRCh38.p13 Primary Assembly	-	-	MLH1
9606	1499	REVIEWED	NM_001330729.2	1676318996	NP_001317658.1	1061214230	NC_000003.12	568815595	41199421	41240444	+	Reference GRCh38.p13 Primary Assembly	-	-	CTNNB1
9606	4292	REVIEWED	NM_001354615.2	1889410286	NP_001341544.1	1233055008	NC_000003.12	568815595	36993486	37050845	+	Reference GRCh38.p13 Primary Assembly	-	-	MLH1
9606	4292	REVIEWED	NM_001354616.2	1889651476	NP_001341545.1	1241781214	NC_000003.12	568815595	36993486	37050845	+	Reference GRCh38.p13 Primary Assembly	-	-	MLH1
9606	4292	REVIEWED	NM_001354617.2	1890265717	NP_001341546.1	1237938255	NC_000003.12	568815595	36993486	37050845	+	Reference GRCh38.p13 Primary Assembly	-	-	MLH1
9606	4292	REVIEWED	NM_001354618.2	1889709842	NP_001341547.1	1237937788	NC_000003.12	568815595	36993486	37050845	+	Reference GRCh38.p13 Primary Assembly	-	-	MLH1
9606	4292	REVIEWED	NM_001354619.2	1890346125	NP_001341548.1	1233054951	NC_000003.12	568815595	36993486	37050845	+	Reference GRCh38.p13 Primary Assembly	-	-	MLH1
9606	4292	REVIEWED	NM_001354620.2	1889724880	NP_001341549.1	1233055010	NC_000003.12	568815595	36993486	37050845	+	Reference GRCh38.p13 Primary Assembly	-	-	MLH1
9606	4292	REVIEWED	NM_001354621.2	1890321397	NP_001341550.1	1233054961	NC_000003.12	568815595	36993486	37050845	+	Reference GRCh38.p13 Primary Assembly	-	-	MLH1
9606	4292	REVIEWED	NM_001354622.2	1890346162	NP_001341551.1	1237937725	NC_000003.12	568815595	36993486	37050845	+	Reference GRCh38.p13 Primary Assembly	-	-	MLH1
9606	4292	REVIEWED	NM_001354623.2	1889520607	NP_001341552.1	1233055021	NC_000003.12	568815595	36993486	37050845	+	Reference GRCh38.p13 Primary Assembly	-	-	MLH1
9606	4292	REVIEWED	NM_001354624.2	1890343422	NP_001341553.1	1241781315	NC_000003.12	568815595	36993486	37050845	+	Reference GRCh38.p13 Primary Assembly	-	-	MLH1
9606	4292	REVIEWED	NM_001354625.2	1889735985	NP_001341554.1	1241781254	NC_000003.12	568815595	36993486	37050845	+	Reference GRCh38.p13 Primary Assembly	-	-	MLH1
9606	4292	REVIEWED	NM_001354626.2	1890270615	NP_001341555.1	1241781240	NC_000003.12	568815595	36993486	37050845	+	Reference GRCh38.p13 Primary Assembly	-	-	MLH1
9606	4292	REVIEWED	NM_001354627.2	1889729973	NP_001341556.1	1237937897	NC_000003.12	568815595	36993486	37050845	+	Reference GRCh38.p13 Primary Assembly	-	-	MLH1
9606	4292	REVIEWED	NM_001354628.2	1890272358	NP_001341557.1	1233054942	NC_000003.12	568815595	36993486	37050845	+	Reference GRCh38.p13 Primary Assembly	-	-	MLH1
9606	4292	REVIEWED	NM_001354629.2	1889432432	NP_001341558.1	1233054944	NC_000003.12	568815595	36993486	37050845	+	Reference GRCh38.p13 Primary Assembly	-	-	MLH1
9606	4292	REVIEWED	NM_001354630.2	1890276916	NP_001341559.1	1233054929	NC_000003.12	568815595	36993486	37050845	+	Reference GRCh38.p13 Primary Assembly	-	-	MLH1
9606	5894	REVIEWED	NM_001354689.3	1702651691	NP_001341618.1	1237937772	NC_000003.12	568815595	12583600	12664116	-	Reference GRCh38.p13 Primary Assembly	-	-	RAF1
9606	5894	REVIEWED	NM_001354689.3	1702651691	NP_001341618.1	1237937772	NG_007467.1	170650635	4978	85578	+	-	-	-	RAF1
9606	5894	REVIEWED	NM_001354690.3	1844139506	NP_001341619.1	1233267522	NC_000003.12	568815595	12583600	12664116	-	Reference GRCh38.p13 Primary Assembly	-	-	RAF1
9606	5894	REVIEWED	NM_001354691.3	1844139503	NP_001341620.1	1233267483	NC_000003.12	568815595	12583600	12664116	-	Reference GRCh38.p13 Primary Assembly	-	-	RAF1
9606	5894	REVIEWED	NM_001354692.3	1844139625	NP_001341621.1	1237938104	NC_000003.12	568815595	12583600	12664116	-	Reference GRCh38.p13 Primary Assembly	-	-	RAF1
9606	5894	REVIEWED	NM_001354693.3	1844139545	NP_001341622.1	1237937656	NC_000003.12	568815595	12583600	12664116	-	Reference GRCh38.p13 Primary Assembly	-	-	RAF1
9606	5894	REVIEWED	NM_001354694.3	1844139569	NP_001341623.1	1241781456	NC_000003.12	568815595	12583600	12664116	-	Reference GRCh38.p13 Primary Assembly	-	-	RAF1
9606	5894	REVIEWED	NM_001354695.3	1844139639	NP_001341624.1	1237938372	NC_000003.12	568815595	12583600	12664116	-	Reference GRCh38.p13 Primary Assembly	-	-	RAF1
9606	1499	REVIEWED	NM_001904.4	1519314571	NP_001895.1	4503131	NC_000003.12	568815595	41199421	41240444	+	Reference GRCh38.p13 Primary Assembly	-	-	CTNNB1
9606	1499	REVIEWED	NM_001904.4	1519314571	NP_001895.1	4503131	NG_013302.2	1122782504	5054	45992	+	-	-	-	CTNNB1
9606	5894	REVIEWED	NM_002880.4	1844139587	NP_002871.1	4506401	NC_000003.12	568815595	12583600	12664116	-	Reference GRCh38.p13 Primary Assembly	-	-	RAF1
9606	5894	REVIEWED	NM_002880.4	1844139587	NP_002871.1	4506401	NG_007467.1	170650635	4978	85578	+	-	-	-	RAF1
9606	8314	REVIEWED	NM_004656.4	1519242468	NP_004647.1	4757836	NC_000003.12	568815595	52401003	52410029	-	Reference GRCh38.p13 Primary Assembly	-	-	BAP1
9606	8314	REVIEWED	NM_004656.4	1519242468	NP_004647.1	4757836	NG_031859.1	359465566	4888	13989	+	-	-	-	BAP1
9606	5290	REVIEWED	NM_006218.4	1519313411	NP_006209.2	54792082	NC_000003.12	568815595	179148113	179240092	+	Reference GRCh38.p13 Primary Assembly	-	-	PIK3CA
9606	5290	REVIEWED	NM_006218.4	1519313411	NP_006209.2	54792082	NG_012113.2	383087749	5000	91189	+	-	-	-	PIK3CA
9606	2261	REVIEWED	NM_000142.5	1820360594	NP_000133.1	4503711	NC_000004.12	568815594	1793292	1808871	+	Reference GRCh38.p13 Primary Assembly	-	-	FGFR3
9606	2261	REVIEWED	NM_000142.5	1820360594	NP_000133.1	4503711	NG_012632.1	255522834	5000	20560	+	-	-	-	FGFR3
9606	3815	REVIEWED	NM_000222.3	1779541915	NP_000213.1	4557695	NC_000004.12	568815594	54657956	54740714	+	Reference GRCh38.p13 Primary Assembly	-	-	KIT
9606	3815	REVIEWED	NM_000222.3	1779541915	NP_000213.1	4557695	NG_007456.1	170014706	4934	87720	+	-	-	-	KIT
9606	3815	REVIEWED	NM_001093772.2	1870200901	NP_001087241.1	148005039	NC_000004.12	568815594	54657956	54740714	+	Reference GRCh38.p13 Primary Assembly	-	-	KIT
9606	2261	REVIEWED	NM_001163213.2	1890283473	NP_001156685.1	254028242	NC_000004.12	568815594	1793292	1808871	+	Reference GRCh38.p13 Primary Assembly	-	-	FGFR3
9606	2261	REVIEWED	NM_001163213.2	1890283473	NP_001156685.1	254028242	NG_012632.1	255522834	5000	20560	+	-	-	-	FGFR3
9606	5156	REVIEWED	NM_001347827.2	1676317260	NP_001334756.1	1115538439	NC_000004.12	568815594	54229126	54298244	+	Reference GRCh38.p13 Primary Assembly	-	-	PDGFRA
9606	5156	REVIEWED	NM_001347828.2	1676320250	NP_001334757.1	1115538444	NC_000004.12	568815594	54229126	54298244	+	Reference GRCh38.p13 Primary Assembly	-	-	PDGFRA
9606	5156	REVIEWED	NM_001347829.2	1676317862	NP_001334758.1	1115538446	NC_000004.12	568815594	54229126	54298244	+	Reference GRCh38.p13 Primary Assembly	-	-	PDGFRA
9606	5156	REVIEWED	NM_001347830.2	1890277511	NP_001334759.1	1115538448	NC_000004.12	568815594	54229126	54298244	+	Reference GRCh38.p13 Primary Assembly	-	-	PDGFRA
9606	2261	REVIEWED	NM_001354809.2	1677529776	NP_001341738.1	1237937822	NC_000004.12	568815594	1793292	1808871	+	Reference GRCh38.p13 Primary Assembly	-	-	FGFR3
9606	2261	REVIEWED	NM_001354810.2	1677530899	NP_001341739.1	1236498658	NC_000004.12	568815594	1793292	1808871	+	Reference GRCh38.p13 Primary Assembly	-	-	FGFR3
9606	3815	REVIEWED	NM_001385284.1	1870200888	NP_001372213.1	1870200889	NC_000004.12	568815594	54657956	54740714	+	Reference GRCh38.p13 Primary Assembly	-	-	KIT
9606	3815	REVIEWED	NM_001385285.1	1870200876	NP_001372214.1	1870200877	NC_000004.12	568815594	54657956	54740714	+	Reference GRCh38.p13 Primary Assembly	-	-	KIT
9606	3815	REVIEWED	NM_001385286.1	1870200946	NP_001372215.1	1870200947	NC_000004.12	568815594	54657956	54740714	+	Reference GRCh38.p13 Primary Assembly	-	-	KIT
9606	3815	REVIEWED	NM_001385288.1	1870200910	NP_001372217.1	1870200911	NC_000004.12	568815594	54657956	54740714	+	Reference GRCh38.p13 Primary Assembly	-	-	KIT
9606	3815	REVIEWED	NM_001385290.1	1870200861	NP_001372219.1	1870200862	NC_000004.12	568815594	54657956	54740714	+	Reference GRCh38.p13 Primary Assembly	-	-	KIT
9606	3815	REVIEWED	NM_001385292.1	1870200940	NP_001372221.1	1870200941	NC_000004.12	568815594	54657956	54740714	+	Reference GRCh38.p13 Primary Assembly	-	-	KIT
9606	5156	REVIEWED	NM_006206.6	1519246251	NP_006197.1	5453870	NC_000004.12	568815594	54229126	54298244	+	Reference GRCh38.p13 Primary Assembly	-	-	PDGFRA
9606	5156	REVIEWED	NM_006206.6	1519246251	NP_006197.1	5453870	NG_009250.1	219521916	5000	74148	+	-	-	-	PDGFRA
9606	2261	REVIEWED	NM_022965.4	1890263852	NP_075254.1	13112048	NC_000004.12	568815594	1793292	1808871	+	Reference GRCh38.p13 Primary Assembly	-	-	FGFR3
9606	324	REVIEWED	NM_000038.6	1519241524	NP_000029.2	53759122	NC_000005.10	568815593	112707497	112846238	+	Reference GRCh38.p13 Primary Assembly	-	-	APC
9606	324	REVIEWED	NM_000038.6	1519241524	NP_000029.2	53759122	NG_008481.4	299116992	19984	158718	+	-	-	-	APC
9606	324	REVIEWED	NM_001127510.3	1676319661	NP_001120982.1	189011566	NC_000005.10	568815593	112707497	112846238	+	Reference GRCh38.p13 Primary Assembly	-	-	APC
9606	324	REVIEWED	NM_001127510.3	1676319661	NP_001120982.1	189011566	NG_008481.4	299116992	19984	158718	+	-	-	-	APC
9606	324	REVIEWED	NM_001127511.3	1676325086	NP_001120983.2	306922386	NC_000005.10	568815593	112707497	112846238	+	Reference GRCh38.p13 Primary Assembly	-	-	APC
9606	324	REVIEWED	NM_001127511.3	1676325086	NP_001120983.2	306922386	NG_008481.4	299116992	19984	158718	+	-	-	-	APC
9606	7015	REVIEWED	NM_001193376.3	1889586258	NP_001180305.1	301129200	NC_000005.10	568815593	1253166	1295067	-	Reference GRCh38.p13 Primary Assembly	-	-	TERT
9606	253260	VALIDATED	NM_001285439.2	1676439545	NP_001272368.1	550544217	NC_000005.10	568815593	38937919	39074420	-	Reference GRCh38.p13 Primary Assembly	-	-	RICTOR
9606	253260	VALIDATED	NM_001285440.2	1676317176	NP_001272369.1	550544215	NC_000005.10	568815593	38937919	39074420	-	Reference GRCh38.p13 Primary Assembly	-	-	RICTOR
9606	324	REVIEWED	NM_001354895.2	1675158404	NP_001341824.1	1237937746	NC_000005.10	568815593	112707497	112846238	+	Reference GRCh38.p13 Primary Assembly	-	-	APC
9606	324	REVIEWED	NM_001354896.2	1675178492	NP_001341825.1	1237938059	NC_000005.10	568815593	112707497	112846238	+	Reference GRCh38.p13 Primary Assembly	-	-	APC
9606	324	REVIEWED	NM_001354897.2	1675041196	NP_001341826.1	1237937918	NC_000005.10	568815593	112707497	112846238	+	Reference GRCh38.p13 Primary Assembly	-	-	APC
9606	324	REVIEWED	NM_001354898.2	1675178266	NP_001341827.1	1237937847	NC_000005.10	568815593	112707497	112846238	+	Reference GRCh38.p13 Primary Assembly	-	-	APC
9606	324	REVIEWED	NM_001354899.2	1676318017	NP_001341828.1	1237938153	NC_000005.10	568815593	112707497	112846238	+	Reference GRCh38.p13 Primary Assembly	-	-	APC
9606	324	REVIEWED	NM_001354900.2	1676317263	NP_001341829.1	1237938116	NC_000005.10	568815593	112707497	112846238	+	Reference GRCh38.p13 Primary Assembly	-	-	APC
9606	324	REVIEWED	NM_001354901.2	1676317234	NP_001341830.1	1237937939	NC_000005.10	568815593	112707497	112846238	+	Reference GRCh38.p13 Primary Assembly	-	-	APC
9606	324	REVIEWED	NM_001354902.2	1675106311	NP_001341831.1	1237937744	NC_000005.10	568815593	112707497	112846238	+	Reference GRCh38.p13 Primary Assembly	-	-	APC
9606	324	REVIEWED	NM_001354903.2	1676319135	NP_001341832.1	1237937670	NC_000005.10	568815593	112707497	112846238	+	Reference GRCh38.p13 Primary Assembly	-	-	APC
9606	324	REVIEWED	NM_001354904.2	1675018068	NP_001341833.1	1238280178	NC_000005.10	568815593	112707497	112846238	+	Reference GRCh38.p13 Primary Assembly	-	-	APC
9606	324	REVIEWED	NM_001354905.2	1675136442	NP_001341834.1	1237937623	NC_000005.10	568815593	112707497	112846238	+	Reference GRCh38.p13 Primary Assembly	-	-	APC
9606	324	REVIEWED	NM_001354906.2	1674986311	NP_001341835.1	1237937751	NC_000005.10	568815593	112707497	112846238	+	Reference GRCh38.p13 Primary Assembly	-	-	APC
9606	253260	VALIDATED	NM_152756.5	1519314563	NP_689969.2	59891448	NC_000005.10	568815593	38937919	39074420	-	Reference GRCh38.p13 Primary Assembly	-	-	RICTOR
9606	7015	REVIEWED	NM_198253.3	1732746298	NP_937983.2	109633031	NC_000005.10	568815593	1253166	1295067	-	Reference GRCh38.p13 Primary Assembly	-	-	TERT
9606	7015	REVIEWED	NM_198253.3	1732746298	NP_937983.2	109633031	NG_009265.1	219801765	5000	46880	+	-	-	-	TERT
9606	2099	REVIEWED	NM_000125.4	1788187306	NP_000116.2	62821794	NC_000006.12	568815592	151654147	152129618	+	Reference GRCh38.p13 Primary Assembly	-	-	ESR1
9606	2099	REVIEWED	NM_000125.4	1788187306	NP_000116.2	62821794	NG_008493.2	1028224151	155988	451583	+	-	-	-	ESR1
9606	7172	REVIEWED	NM_000367.5	1843658130	NP_000358.1	4507653	NC_000006.12	568815592	18128310	18155168	-	Reference GRCh38.p13 Primary Assembly	-	-	TPMT
9606	7172	REVIEWED	NM_000367.5	1843658130	NP_000358.1	4507653	NG_012137.3	1994123092	5066	31832	+	-	-	-	TPMT
9606	2099	REVIEWED	NM_001122740.2	1876941780	NP_001116212.1	170295800	NC_000006.12	568815592	151654147	152129618	+	Reference GRCh38.p13 Primary Assembly	-	-	ESR1
9606	2099	REVIEWED	NM_001122741.2	1876941710	NP_001116213.1	170295802	NC_000006.12	568815592	151654147	152129618	+	Reference GRCh38.p13 Primary Assembly	-	-	ESR1
9606	2099	REVIEWED	NM_001122742.2	1876941801	NP_001116214.1	170295804	NC_000006.12	568815592	151654147	152129618	+	Reference GRCh38.p13 Primary Assembly	-	-	ESR1
9606	2099	REVIEWED	NM_001291230.2	1876941753	NP_001278159.1	601984548	NC_000006.12	568815592	151654147	152129618	+	Reference GRCh38.p13 Primary Assembly	-	-	ESR1
9606	2099	REVIEWED	NM_001291241.2	1876941664	NP_001278170.1	602617469	NC_000006.12	568815592	151654147	152129618	+	Reference GRCh38.p13 Primary Assembly	-	-	ESR1
9606	2099	REVIEWED	NM_001328100.2	1677501458	NP_001315029.1	1034542394	NC_000006.12	568815592	151654147	152129618	+	Reference GRCh38.p13 Primary Assembly	-	-	ESR1
9606	7172	REVIEWED	NM_001346817.1	1098385819	NP_001333746.1	1098385820	NC_000006.12	568815592	18128310	18155168	-	Reference GRCh38.p13 Primary Assembly	-	-	TPMT
9606	7172	REVIEWED	NM_001346818.1	1098385848	NP_001333747.1	1098385849	NC_000006.12	568815592	18128310	18155168	-	Reference GRCh38.p13 Primary Assembly	-	-	TPMT
9606	6098	REVIEWED	NM_001378891.1	1820480185	NP_001365820.1	1820480186	NC_000006.12	568815592	117287352	117426064	-	Reference GRCh38.p13 Primary Assembly	-	-	ROS1
9606	6098	REVIEWED	NM_001378902.1	1820559384	NP_001365831.1	1820559385	NC_000006.12	568815592	117287352	117426064	-	Reference GRCh38.p13 Primary Assembly	-	-	ROS1
9606	2099	REVIEWED	NM_001385568.1	1876941662	NP_001372497.1	1876941663	NC_000006.12	568815592	151654147	152129618	+	Reference GRCh38.p13 Primary Assembly	-	-	ESR1
9606	2099	REVIEWED	NM_001385569.1	1876941620	NP_001372498.1	1876941621	NC_000006.12	568815592	151654147	152129618	+	Reference GRCh38.p13 Primary Assembly	-	-	ESR1
9606	2099	REVIEWED	NM_001385570.1	1876941622	NP_001372499.1	1876941623	NC_000006.12	568815592	151654147	152129618	+	Reference GRCh38.p13 Primary Assembly	-	-	ESR1
9606	2099	REVIEWED	NM_001385571.1	1876941665	NP_001372500.1	1876941666	NC_000006.12	568815592	151654147	152129618	+	Reference GRCh38.p13 Primary Assembly	-	-	ESR1
9606	2099	REVIEWED	NM_001385572.1	1876941642	NP_001372501.1	1876941643	NC_000006.12	568815592	151654147	152129618	+	Reference GRCh38.p13 Primary Assembly	-	-	ESR1
9606	6098	REVIEWED	NM_002944.3	1820480143	NP_002935.2	19924165	NC_000006.12	568815592	117287352	117426064	-	Reference GRCh38.p13 Primary Assembly	-	-	ROS1
9606	6098	REVIEWED	NM_002944.3	1820480143	NP_002935.2	19924165	NG_033929.1	584458492	5000	142488	+	-	-	-	ROS1
9606	4233	REVIEWED	NM_000245.4	1675143418	NP_000236.2	42741655	NC_000007.14	568815591	116672195	116798385	+	Reference GRCh38.p13 Primary Assembly	-	-	MET
9606	5395	REVIEWED	NM_000535.7	1519311653	NP_000526.2	1015181836	NC_000007.14	568815591	5970924	6009105	-	Reference GRCh38.p13 Primary Assembly	-	-	PMS2
9606	5395	REVIEWED	NM_000535.7	1519311653	NP_000526.2	1015181836	NG_008466.1	198041722	5000	40867	+	-	-	-	PMS2
9606	4233	REVIEWED	NM_001127500.3	1519314995	NP_001120972.1	188595716	NC_000007.14	568815591	116672195	116798385	+	Reference GRCh38.p13 Primary Assembly	-	-	MET
9606	4233	REVIEWED	NM_001127500.3	1519314995	NP_001120972.1	188595716	NG_008996.1	212720875	5000	130981	+	-	-	-	MET
9606	5395	REVIEWED	NM_001322003.2	1675178483	NP_001308932.1	1015125298	NC_000007.14	568815591	5970924	6009105	-	Reference GRCh38.p13 Primary Assembly	-	-	PMS2
9606	5395	REVIEWED	NM_001322004.2	1676319167	NP_001308933.1	1015172293	NC_000007.14	568815591	5970924	6009105	-	Reference GRCh38.p13 Primary Assembly	-	-	PMS2
9606	5395	REVIEWED	NM_001322005.2	1675057919	NP_001308934.1	1015172283	NC_000007.14	568815591	5970924	6009105	-	Reference GRCh38.p13 Primary Assembly	-	-	PMS2
9606	5395	REVIEWED	NM_001322006.2	1674986091	NP_001308935.1	1015172289	NC_000007.14	568815591	5970924	6009105	-	Reference GRCh38.p13 Primary Assembly	-	-	PMS2
9606	5395	REVIEWED	NM_001322007.2	1890263950	NP_001308936.1	1015172281	NC_000007.14	568815591	5970924	6009105	-	Reference GRCh38.p13 Primary Assembly	-	-	PMS2
9606	5395	REVIEWED	NM_001322008.2	1675115234	NP_001308937.1	1015172291	NC_000007.14	568815591	5970924	6009105	-	Reference GRCh38.p13 Primary Assembly	-	-	PMS2
9606	5395	REVIEWED	NM_001322009.2	1676439956	NP_001308938.1	1015158971	NC_000007.14	568815591	5970924	6009105	-	Reference GRCh38.p13 Primary Assembly	-	-	PMS2
9606	5395	REVIEWED	NM_001322010.2	1675098059	NP_001308939.1	1015130027	NC_000007.14	568815591	5970924	6009105	-	Reference GRCh38.p13 Primary Assembly	-	-	PMS2
9606	5395	REVIEWED	NM_001322011.2	1676324793	NP_001308940.1	1015148760	NC_000007.14	568815591	5970924	6009105	-	Reference GRCh38.p13 Primary Assembly	-	-	PMS2
9606	5395	REVIEWED	NM_001322012.2	1675029750	NP_001308941.1	1015158154	NC_000007.14	568815591	5970924	6009105	-	Reference GRCh38.p13 Primary Assembly	-	-	PMS2
9606	5395	REVIEWED	NM_001322013.2	1674986365	NP_001308942.1	1015177035	NC_000007.14	568815591	5970924	6009105	-	Reference GRCh38.p13 Primary Assembly	-	-	PMS2
9606	5395	REVIEWED	NM_001322014.2	1676317752	NP_001308943.1	1015172279	NC_000007.14	568815591	5970924	6009105	-	Reference GRCh38.p13 Primary Assembly	-	-	PMS2
9606	5395	REVIEWED	NM_001322015.2	1674999491	NP_001308944.1	1015172287	NC_000007.14	568815591	5970924	6009105	-	Reference GRCh38.p13 Primary Assembly	-	-	PMS2
9606	4233	REVIEWED	NM_001324401.3	1889408327	NP_001311330.1	1024846630	NC_000007.14	568815591	116672195	116798385	+	Reference GRCh38.p13 Primary Assembly	-	-	MET
9606	4233	REVIEWED	NM_001324402.2	1676324982	NP_001311331.1	1024846616	NC_000007.14	568815591	116672195	116798385	+	Reference GRCh38.p13 Primary Assembly	-	-	MET
9606	1956	REVIEWED	NM_001346897.2	1676319802	NP_001333826.1	1100818972	NC_000007.14	568815591	55019016	55211627	+	Reference GRCh38.p13 Primary Assembly	-	-	EGFR
9606	1956	REVIEWED	NM_001346898.2	1674985904	NP_001333827.1	1100832916	NC_000007.14	568815591	55019016	55211627	+	Reference GRCh38.p13 Primary Assembly	-	-	EGFR
9606	1956	REVIEWED	NM_001346899.2	1890245545	NP_001333828.1	1100818974	NC_000007.14	568815591	55019016	55211627	+	Reference GRCh38.p13 Primary Assembly	-	-	EGFR
9606	1956	REVIEWED	NM_001346900.2	1676318675	NP_001333829.1	1100818978	NC_000007.14	568815591	55019016	55211627	+	Reference GRCh38.p13 Primary Assembly	-	-	EGFR
9606	1956	REVIEWED	NM_001346941.2	1675033261	NP_001333870.1	1101020101	NC_000007.14	568815591	55019016	55211627	+	Reference GRCh38.p13 Primary Assembly	-	-	EGFR
9606	673	REVIEWED	NM_001354609.2	1677531694	NP_001341538.1	1237938074	NC_000007.14	568815591	140713327	140924928	-	Reference GRCh38.p13 Primary Assembly	-	-	BRAF
9606	673	REVIEWED	NM_001374244.1	1741710881	NP_001361173.1	1741710882	NC_000007.14	568815591	140713327	140924928	-	Reference GRCh38.p13 Primary Assembly	-	-	BRAF
9606	673	REVIEWED	NM_001374258.1	1743116011	NP_001361187.1	1743116012	NC_000007.14	568815591	140713327	140924928	-	Reference GRCh38.p13 Primary Assembly	-	-	BRAF
9606	673	REVIEWED	NM_001378467.1	1810812861	NP_001365396.1	1810812862	NC_000007.14	568815591	140713327	140924928	-	Reference GRCh38.p13 Primary Assembly	-	-	BRAF
9606	673	REVIEWED	NM_001378468.1	1810812869	NP_001365397.1	1810812870	NC_000007.14	568815591	140713327	140924928	-	Reference GRCh38.p13 Primary Assembly	-	-	BRAF
9606	673	REVIEWED	NM_001378469.1	1810812867	NP_001365398.1	1810812868	NC_000007.14	568815591	140713327	140924928	-	Reference GRCh38.p13 Primary Assembly	-	-	BRAF
9606	673	REVIEWED	NM_001378470.1	1810812873	NP_001365399.1	1810812874	NC_000007.14	568815591	140713327	140924928	-	Reference GRCh38.p13 Primary Assembly	-	-	BRAF
9606	673	REVIEWED	NM_001378471.1	1810812879	NP_001365400.1	1810812880	NC_000007.14	568815591	140713327	140924928	-	Reference GRCh38.p13 Primary Assembly	-	-	BRAF
9606	673	REVIEWED	NM_001378472.1	1810812853	NP_001365401.1	1810812854	NC_000007.14	568815591	140713327	140924928	-	Reference GRCh38.p13 Primary Assembly	-	-	BRAF
9606	673	REVIEWED	NM_001378473.1	1810812883	NP_001365402.1	1810812884	NC_000007.14	568815591	140713327	140924928	-	Reference GRCh38.p13 Primary Assembly	-	-	BRAF
9606	673	REVIEWED	NM_001378474.1	1810812888	NP_001365403.1	1810812889	NC_000007.14	568815591	140713327	140924928	-	Reference GRCh38.p13 Primary Assembly	-	-	BRAF
9606	673	REVIEWED	NM_001378475.1	1810812877	NP_001365404.1	1810812878	NC_000007.14	568815591	140713327	140924928	-	Reference GRCh38.p13 Primary Assembly	-	-	BRAF
9606	673	REVIEWED	NM_004333.6	1677498630	NP_004324.2	33188459	NC_000007.14	568815591	140713327	140924928	-	Reference GRCh38.p13 Primary Assembly	-	-	BRAF
9606	673	REVIEWED	NM_004333.6	1677498630	NP_004324.2	33188459	NG_007873.3	588282806	5000	195752	+	-	-	-	BRAF
9606	1956	REVIEWED	NM_005228.5	1519245592	NP_005219.2	29725609	NC_000007.14	568815591	55019016	55211627	+	Reference GRCh38.p13 Primary Assembly	-	-	EGFR
9606	1956	REVIEWED	NM_005228.5	1519245592	NP_005219.2	29725609	NG_007726.3	399923581	5000	193306	+	-	-	-	EGFR
9606	6608	REVIEWED	NM_005631.5	1519314186	NP_005622.1	5032099	NC_000007.14	568815591	129188632	129213547	+	Reference GRCh38.p13 Primary Assembly	-	-	SMO
9606	6608	REVIEWED	NM_005631.5	1519314186	NP_005622.1	5032099	NG_023340.2	1624762672	4761	29673	+	-	-	-	SMO
9606	1956	REVIEWED	NM_201282.2	1676319062	NP_958439.1	41327732	NC_000007.14	568815591	55019016	55211627	+	Reference GRCh38.p13 Primary Assembly	-	-	EGFR
9606	1956	REVIEWED	NM_201283.2	1890270827	NP_958440.1	41327734	NC_000007.14	568815591	55019016	55211627	+	Reference GRCh38.p13 Primary Assembly	-	-	EGFR
9606	1956	REVIEWED	NM_201284.2	1675049307	NP_958441.1	41327736	NC_000007.14	568815591	55019016	55211627	+	Reference GRCh38.p13 Primary Assembly	-	-	EGFR
9606	2260	REVIEWED	NM_001174063.2	1677500441	NP_001167534.1	291327489	NC_000008.11	568815590	38411142	38468634	-	Reference GRCh38.p13 Primary Assembly	-	-	FGFR1
9606	2260	REVIEWED	NM_001174064.2	1677502175	NP_001167535.1	291327491	NC_000008.11	568815590	38411142	38468634	-	Reference GRCh38.p13 Primary Assembly	-	-	FGFR1
9606	2260	REVIEWED	NM_001174065.2	1677498212	NP_001167536.1	291327493	NC_000008.11	568815590	38411142	38468634	-	Reference GRCh38.p13 Primary Assembly	-	-	FGFR1
9606	2260	REVIEWED	NM_001174066.2	1677538549	NP_001167537.1	291327495	NC_000008.11	568815590	38411142	38468634	-	Reference GRCh38.p13 Primary Assembly	-	-	FGFR1
9606	2260	REVIEWED	NM_001174067.2	1890255145	NP_001167538.1	291327497	NC_000008.11	568815590	38411142	38468634	-	Reference GRCh38.p13 Primary Assembly	-	-	FGFR1
9606	2260	REVIEWED	NM_001354367.2	1890274541	NP_001341296.1	1237937818	NC_000008.11	568815590	38411142	38468634	-	Reference GRCh38.p13 Primary Assembly	-	-	FGFR1
9606	2260	REVIEWED	NM_001354368.2	1677531248	NP_001341297.1	1237938292	NC_000008.11	568815590	38411142	38468634	-	Reference GRCh38.p13 Primary Assembly	-	-	FGFR1
9606	2260	REVIEWED	NM_001354369.2	1890335533	NP_001341298.1	1229732571	NC_000008.11	568815590	38411142	38468634	-	Reference GRCh38.p13 Primary Assembly	-	-	FGFR1
9606	2260	REVIEWED	NM_001354370.2	1889608512	NP_001341299.1	1229732560	NC_000008.11	568815590	38411142	38468634	-	Reference GRCh38.p13 Primary Assembly	-	-	FGFR1
9606	4609	REVIEWED	NM_001354870.1	1236774668	NP_001341799.1	1236774669	NC_000008.11	568815590	127735433	127742950	+	Reference GRCh38.p13 Primary Assembly	-	-	MYC
9606	4609	REVIEWED	NM_002467.6	1552482295	NP_002458.2	71774083	NC_000008.11	568815590	127735433	127742950	+	Reference GRCh38.p13 Primary Assembly	-	-	MYC
9606	4609	REVIEWED	NM_002467.6	1552482295	NP_002458.2	71774083	NG_007161.2	1243938659	5797	12517	+	-	-	-	MYC
9606	2260	REVIEWED	NM_015850.4	1677499521	NP_056934.2	13186251	NC_000008.11	568815590	38411142	38468634	-	Reference GRCh38.p13 Primary Assembly	-	-	FGFR1
9606	2260	REVIEWED	NM_023105.3	1677499727	NP_075593.1	13186234	NC_000008.11	568815590	38411142	38468634	-	Reference GRCh38.p13 Primary Assembly	-	-	FGFR1
9606	2260	REVIEWED	NM_023106.3	1677538628	NP_075594.1	13186236	NC_000008.11	568815590	38411142	38468634	-	Reference GRCh38.p13 Primary Assembly	-	-	FGFR1
9606	2260	REVIEWED	NM_023110.3	1732262558	NP_075598.2	105990522	NC_000008.11	568815590	38411142	38468634	-	Reference GRCh38.p13 Primary Assembly	-	-	FGFR1
9606	2260	REVIEWED	NM_023110.3	1732262558	NP_075598.2	105990522	NG_007729.1	188219627	5000	62696	+	-	-	-	FGFR1
9606	1029	REVIEWED	NM_000077.5	1844139630	NP_000068.1	4502749	NC_000009.12	568815589	21967751	21995323	-	Reference GRCh38.p13 Primary Assembly	-	-	CDKN2A
9606	1029	REVIEWED	NM_000077.5	1844139630	NP_000068.1	4502749	NG_007485.1	170932499	5000	31739	+	-	-	-	CDKN2A
9606	5727	REVIEWED	NM_000264.5	1708718930	NP_000255.2	134254446	NC_000009.12	568815589	95442979	95516970	-	Reference GRCh38.p13 Primary Assembly	-	-	PTCH1
9606	5727	REVIEWED	NM_000264.5	1708718930	NP_000255.2	134254446	NG_007664.1	187940264	5000	78983	+	-	-	-	PTCH1
9606	4915	REVIEWED	NM_001007097.3	1610576727	NP_001007098.1	55956790	NC_000009.12	568815589	84668457	85027069	+	Reference GRCh38.p13 Primary Assembly	-	-	NTRK2
9606	4915	REVIEWED	NM_001018064.3	1610576951	NP_001018074.1	65506745	NC_000009.12	568815589	84668457	85027069	+	Reference GRCh38.p13 Primary Assembly	-	-	NTRK2
9606	4915	REVIEWED	NM_001018065.2	206597532	NP_001018075.1	65506769	NC_000009.12	568815589	84668457	85027069	+	Reference GRCh38.p13 Primary Assembly	-	-	NTRK2
9606	4915	REVIEWED	NM_001018066.3	1610576395	NP_001018076.1	65506779	NC_000009.12	568815589	84668457	85027069	+	Reference GRCh38.p13 Primary Assembly	-	-	NTRK2
9606	5727	REVIEWED	NM_001083602.3	1843979862	NP_001077071.1	134254466	NC_000009.12	568815589	95442979	95516970	-	Reference GRCh38.p13 Primary Assembly	-	-	PTCH1
9606	5727	REVIEWED	NM_001083602.3	1843979862	NP_001077071.1	134254466	NG_007664.1	187940264	5000	78983	+	-	-	-	PTCH1
9606	5727	REVIEWED	NM_001083603.3	1843979918	NP_001077072.1	134254432	NC_000009.12	568815589	95442979	95516970	-	Reference GRCh38.p13 Primary Assembly	-	-	PTCH1
9606	5727	REVIEWED	NM_001083604.3	1890334131	NP_001077073.1	134254452	NC_000009.12	568815589	95442979	95516970	-	Reference GRCh38.p13 Primary Assembly	-	-	PTCH1
9606	5727	REVIEWED	NM_001083605.3	1890335774	NP_001077074.1	134254468	NC_000009.12	568815589	95442979	95516970	-	Reference GRCh38.p13 Primary Assembly	-	-	PTCH1
9606	5727	REVIEWED	NM_001083606.3	1677530259	NP_001077075.1	134254435	NC_000009.12	568815589	95442979	95516970	-	Reference GRCh38.p13 Primary Assembly	-	-	PTCH1
9606	5727	REVIEWED	NM_001083607.3	1889541540	NP_001077076.1	134254450	NC_000009.12	568815589	95442979	95516970	-	Reference GRCh38.p13 Primary Assembly	-	-	PTCH1
9606	1029	REVIEWED	NM_001195132.2	1844161397	NP_001182061.1	304376272	NC_000009.12	568815589	21967751	21995323	-	Reference GRCh38.p13 Primary Assembly	-	-	CDKN2A
9606	4915	REVIEWED	NM_001291937.2	1761178538	NP_001278866.1	633257777	NC_000009.12	568815589	84668457	85027069	+	Reference GRCh38.p13 Primary Assembly	-	-	NTRK2
9606	5727	REVIEWED	NM_001354918.2	1708718932	NP_001341847.1	1237937711	NC_000009.12	568815589	95442979	95516970	-	Reference GRCh38.p13 Primary Assembly	-	-	PTCH1
9606	5727	REVIEWED	NM_001354919.2	1843979919	NP_001341848.1	1237937983	NC_000009.12	568815589	95442979	95516970	-	Reference GRCh38.p13 Primary Assembly	-	-	PTCH1
9606	1029	REVIEWED	NM_001363763.2	1677531585	NP_001350692.1	1393428042	NC_000009.12	568815589	21967751	21995323	-	Reference GRCh38.p13 Primary Assembly	-	-	CDKN2A
9606	4915	REVIEWED	NM_001369532.1	1610576223	NP_001356461.1	1610576224	NC_000009.12	568815589	84668457	85027069	+	Reference GRCh38.p13 Primary Assembly	-	-	NTRK2
9606	4915	REVIEWED	NM_001369533.1	1610575974	NP_001356462.1	1610575975	NC_000009.12	568815589	84668457	85027069	+	Reference GRCh38.p13 Primary Assembly	-	-	NTRK2
9606	4915	REVIEWED	NM_001369534.1	1610575924	NP_001356463.1	1610575925	NC_000009.12	568815589	84668457	85027069	+	Reference GRCh38.p13 Primary Assembly	-	-	NTRK2
9606	4915	REVIEWED	NM_001369535.1	1610576540	NP_001356464.1	1610576541	NC_000009.12	568815589	84668457	85027069	+	Reference GRCh38.p13 Primary Assembly	-	-	NTRK2
9606	4915	REVIEWED	NM_001369536.1	1610575948	NP_001356465.1	1610575949	NC_000009.12	568815589	84668457	85027069	+	Reference GRCh38.p13 Primary Assembly	-	-	NTRK2
9606	4915	REVIEWED	NM_001369537.1	1610576696	NP_001356466.1	1610576697	NC_000009.12	568815589	84668457	85027069	+	Reference GRCh38.p13 Primary Assembly	-	-	NTRK2
9606	4915	REVIEWED	NM_001369538.1	1610576113	NP_001356467.1	1610576114	NC_000009.12	568815589	84668457	85027069	+	Reference GRCh38.p13 Primary Assembly	-	-	NTRK2
9606	4915	REVIEWED	NM_001369539.1	1610576230	NP_001356468.1	1610576231	NC_000009.12	568815589	84668457	85027069	+	Reference GRCh38.p13 Primary Assembly	-	-	NTRK2
9606	4915	REVIEWED	NM_001369540.1	1610576104	NP_001356469.1	1610576105	NC_000009.12	568815589	84668457	85027069	+	Reference GRCh38.p13 Primary Assembly	-	-	NTRK2
9606	4915	REVIEWED	NM_001369541.1	1610575886	NP_001356470.1	1610575887	NC_000009.12	568815589	84668457	85027069	+	Reference GRCh38.p13 Primary Assembly	-	-	NTRK2
9606	4915	REVIEWED	NM_001369542.1	1610576002	NP_001356471.1	1610576003	NC_000009.12	568815589	84668457	85027069	+	Reference GRCh38.p13 Primary Assembly	-	-	NTRK2
9606	4915	REVIEWED	NM_001369543.1	1610576417	NP_001356472.1	1610576418	NC_000009.12	568815589	84668457	85027069	+	Reference GRCh38.p13 Primary Assembly	-	-	NTRK2
9606	4915	REVIEWED	NM_001369544.1	1610576492	NP_001356473.1	1610576493	NC_000009.12	568815589	84668457	85027069	+	Reference GRCh38.p13 Primary Assembly	-	-	NTRK2
9606	4915	REVIEWED	NM_001369545.1	1610575872	NP_001356474.1	1610575873	NC_000009.12	568815589	84668457	85027069	+	Reference GRCh38.p13 Primary Assembly	-	-	NTRK2
9606	4915	REVIEWED	NM_001369546.1	1610576499	NP_001356475.1	1610576500	NC_000009.12	568815589	84668457	85027069	+	Reference GRCh38.p13 Primary Assembly	-	-	NTRK2
9606	4915	REVIEWED	NM_001369547.1	1610576651	NP_001356476.1	1610576652	NC_000009.12	568815589	84668457	85027069	+	Reference GRCh38.p13 Primary Assembly	-	-	NTRK2
9606	4915	REVIEWED	NM_001369548.1	1610576066	NP_001356477.1	1610576067	NC_000009.12	568815589	84668457	85027069	+	Reference GRCh38.p13 Primary Assembly	-	-	NTRK2
9606	4915	REVIEWED	NM_001369549.1	1610575830	NP_001356478.1	1610575831	NC_000009.12	568815589	84668457	85027069	+	Reference GRCh38.p13 Primary Assembly	-	-	NTRK2
9606	4915	REVIEWED	NM_001369550.1	1610576271	NP_001356479.1	1610576272	NC_000009.12	568815589	84668457	85027069	+	Reference GRCh38.p13 Primary Assembly	-	-	NTRK2
9606	4915	REVIEWED	NM_001369551.1	1610576841	NP_001356480.1	1610576842	NC_000009.12	568815589	84668457	85027069	+	Reference GRCh38.p13 Primary Assembly	-	-	NTRK2
9606	4915	REVIEWED	NM_001369552.1	1610575865	NP_001356481.1	1610575866	NC_000009.12	568815589	84668457	85027069	+	Reference GRCh38.p13 Primary Assembly	-	-	NTRK2
9606	2776	REVIEWED	NM_002072.5	1653961273	NP_002063.2	40254462	NC_000009.12	568815589	77716096	78031810	-	Reference GRCh38.p13 Primary Assembly	-	-	GNAQ
9606	2776	REVIEWED	NM_002072.5	1653961273	NP_002063.2	40254462	NG_027904.2	545688942	4492	320206	+	-	-	-	GNAQ
9606	4915	REVIEWED	NM_006180.6	1833257321	NP_006171.2	21361306	NC_000009.12	568815589	84668457	85027069	+	Reference GRCh38.p13 Primary Assembly	-	-	NTRK2
9606	4915	REVIEWED	NM_006180.6	1833257321	NP_006171.2	21361306	NG_012201.2	633274374	6178	363503	+	-	-	-	NTRK2
9606	1029	REVIEWED	NM_058195.4	1844161309	NP_478102.2	300863096	NC_000009.12	568815589	21967751	21995323	-	Reference GRCh38.p13 Primary Assembly	-	-	CDKN2A
9606	1029	REVIEWED	NM_058195.4	1844161309	NP_478102.2	300863096	NG_007485.1	170932499	5000	31739	+	-	-	-	CDKN2A
9606	1029	REVIEWED	NM_058197.5	1844139552	NP_478104.2	98985804	NC_000009.12	568815589	21967751	21995323	-	Reference GRCh38.p13 Primary Assembly	-	-	CDKN2A
9606	2263	REVIEWED	NM_000141.5	1771805607	NP_000132.3	221316639	NC_000010.11	568815588	121478329	121598457	-	Reference GRCh38.p13 Primary Assembly	-	-	FGFR2
9606	2263	REVIEWED	NM_000141.5	1771805607	NP_000132.3	221316639	NG_012449.2	1004170713	5000	125128	+	-	-	-	FGFR2
9606	5728	REVIEWED	NM_000314.8	1732746392	NP_000305.3	73765544	NC_000010.11	568815588	87863624	87971929	+	Reference GRCh38.p13 Primary Assembly	-	-	PTEN
9606	5728	REVIEWED	NM_000314.8	1732746392	NP_000305.3	73765544	NG_007466.2	383209645	5000	113491	+	-	-	-	PTEN
9606	5728	REVIEWED	NM_000314.8	1732746392	NP_000305.3	73765544	NW_013171807.1	855145201	79448	187718	+	Reference GRCh38.p13 PATCHES	-	-	PTEN
9606	2263	REVIEWED	NM_001144913.1	222144230	NP_001138385.1	222144231	NC_000010.11	568815588	121478329	121598457	-	Reference GRCh38.p13 Primary Assembly	-	-	FGFR2
9606	2263	REVIEWED	NM_001144914.1	222144232	NP_001138386.1	222144233	NC_000010.11	568815588	121478329	121598457	-	Reference GRCh38.p13 Primary Assembly	-	-	FGFR2
9606	2263	REVIEWED	NM_001144915.2	1889498142	NP_001138387.1	222144235	NC_000010.11	568815588	121478329	121598457	-	Reference GRCh38.p13 Primary Assembly	-	-	FGFR2
9606	2263	REVIEWED	NM_001144916.2	1889443442	NP_001138388.1	222144237	NC_000010.11	568815588	121478329	121598457	-	Reference GRCh38.p13 Primary Assembly	-	-	FGFR2
9606	2263	REVIEWED	NM_001144917.2	1677531698	NP_001138389.1	222144239	NC_000010.11	568815588	121478329	121598457	-	Reference GRCh38.p13 Primary Assembly	-	-	FGFR2
9606	2263	REVIEWED	NM_001144918.2	1677539445	NP_001138390.1	222144241	NC_000010.11	568815588	121478329	121598457	-	Reference GRCh38.p13 Primary Assembly	-	-	FGFR2
9606	2263	REVIEWED	NM_001144919.2	1677501539	NP_001138391.1	222144244	NC_000010.11	568815588	121478329	121598457	-	Reference GRCh38.p13 Primary Assembly	-	-	FGFR2
9606	51684	REVIEWED	NM_001178133.2	1677538778	NP_001171604.1	296011020	NC_000010.11	568815588	102502800	102633534	+	Reference GRCh38.p13 Primary Assembly	-	-	SUFU
9606	5728	REVIEWED	NM_001304717.5	1520682131	NP_001291646.4	1520682132	NC_000010.11	568815588	87863624	87971929	+	Reference GRCh38.p13 Primary Assembly	-	-	PTEN
9606	5728	REVIEWED	NM_001304717.5	1520682131	NP_001291646.4	1520682132	NW_013171807.1	855145201	79448	187718	+	Reference GRCh38.p13 PATCHES	-	-	PTEN
9606	5728	REVIEWED	NM_001304718.2	1518767609	NP_001291647.1	754502064	NC_000010.11	568815588	87863624	87971929	+	Reference GRCh38.p13 Primary Assembly	-	-	PTEN
9606	5728	REVIEWED	NM_001304718.2	1518767609	NP_001291647.1	754502064	NW_013171807.1	855145201	79448	187718	+	Reference GRCh38.p13 PATCHES	-	-	PTEN
9606	2263	REVIEWED	NM_001320654.2	1890284386	NP_001307583.1	1002341823	NC_000010.11	568815588	121478329	121598457	-	Reference GRCh38.p13 Primary Assembly	-	-	FGFR2
9606	2263	REVIEWED	NM_001320658.2	1677529853	NP_001307587.1	1002341835	NC_000010.11	568815588	121478329	121598457	-	Reference GRCh38.p13 Primary Assembly	-	-	FGFR2
9606	5979	REVIEWED	NM_001355216.1	1241781395	NP_001342145.1	1241781396	NC_000010.11	568815588	43077068	43130350	+	Reference GRCh38.p13 Primary Assembly	-	-	RET
9606	51684	REVIEWED	NM_016169.4	1779521774	NP_057253.2	19923479	NC_000010.11	568815588	102502800	102633534	+	Reference GRCh38.p13 Primary Assembly	-	-	SUFU
9606	51684	REVIEWED	NM_016169.4	1779521774	NP_057253.2	19923479	NG_021338.1	296923765	5000	134495	+	-	-	-	SUFU
9606	5979	REVIEWED	NM_020630.6	1890321649	NP_065681.1	10862701	NC_000010.11	568815588	43077068	43130350	+	Reference GRCh38.p13 Primary Assembly	-	-	RET
9606	5979	REVIEWED	NM_020630.6	1890321649	NP_065681.1	10862701	NG_007489.1	171184431	5000	58282	+	-	-	-	RET
9606	5979	REVIEWED	NM_020975.6	1519313481	NP_066124.1	10862703	NC_000010.11	568815588	43077068	43130350	+	Reference GRCh38.p13 Primary Assembly	-	-	RET
9606	5979	REVIEWED	NM_020975.6	1519313481	NP_066124.1	10862703	NG_007489.1	171184431	5000	58282	+	-	-	-	RET
9606	2263	REVIEWED	NM_022970.3	189083816	NP_075259.4	221316638	NC_000010.11	568815588	121478329	121598457	-	Reference GRCh38.p13 Primary Assembly	-	-	FGFR2
9606	2263	REVIEWED	NM_022970.3	189083816	NP_075259.4	221316638	NG_012449.2	1004170713	5000	125128	+	-	-	-	FGFR2
9606	2263	REVIEWED	NM_023029.2	394025691	NP_075418.1	13186243	NC_000010.11	568815588	121478329	121598457	-	Reference GRCh38.p13 Primary Assembly	-	-	FGFR2
9606	472	REVIEWED	NM_000051.4	1813755352	NP_000042.3	71902540	NC_000011.10	568815587	108222483	108369101	+	Reference GRCh38.p13 Primary Assembly	-	-	ATM
9606	472	REVIEWED	NM_000051.4	1813755352	NP_000042.3	71902540	NG_009830.1	223972698	5000	151267	+	-	-	-	ATM
9606	3265	REVIEWED	NM_001130442.3	1890270721	NP_001123914.1	194363762	NC_000011.10	568815587	532241	535575	-	Reference GRCh38.p13 Primary Assembly	-	-	HRAS
9606	3265	REVIEWED	NM_001130442.3	1890270721	NP_001123914.1	194363762	NT_187586.1	568815425	61882	65216	-	Reference GRCh38.p13 ALT_REF_LOCI_1	-	-	HRAS
9606	3265	REVIEWED	NM_001318054.2	1675177210	NP_001304983.1	968121903	NC_000011.10	568815587	532241	535575	-	Reference GRCh38.p13 Primary Assembly	-	-	HRAS
9606	3265	REVIEWED	NM_001318054.2	1675177210	NP_001304983.1	968121903	NT_187586.1	568815425	61882	65216	-	Reference GRCh38.p13 ALT_REF_LOCI_1	-	-	HRAS
9606	472	REVIEWED	NM_001351834.2	1677530606	NP_001338763.1	1199277043	NC_000011.10	568815587	108222483	108369101	+	Reference GRCh38.p13 Primary Assembly	-	-	ATM
9606	472	REVIEWED	NM_001351835.2	1889665514	NP_001338764.1	1199276956	NC_000011.10	568815587	108222483	108369101	+	Reference GRCh38.p13 Primary Assembly	-	-	ATM
9606	472	REVIEWED	NM_001351836.2	1889703378	NP_001338765.1	1199276954	NC_000011.10	568815587	108222483	108369101	+	Reference GRCh38.p13 Primary Assembly	-	-	ATM
9606	3265	REVIEWED	NM_005343.4	1519316207	NP_005334.1	4885425	NC_000011.10	568815587	532241	535575	-	Reference GRCh38.p13 Primary Assembly	-	-	HRAS
9606	3265	REVIEWED	NM_005343.4	1519316207	NP_005334.1	4885425	NG_007666.1	187960074	4974	8308	+	-	-	-	HRAS
9606	3265	REVIEWED	NM_005343.4	1519316207	NP_005334.1	4885425	NT_187586.1	568815425	61882	65216	-	Reference GRCh38.p13 ALT_REF_LOCI_1	-	-	HRAS
9606	3265	REVIEWED	NM_176795.5	1890283274	NP_789765.1	34222246	NC_000011.10	568815587	532241	535575	-	Reference GRCh38.p13 Primary Assembly	-	-	HRAS
9606	3265	REVIEWED	NM_176795.5	1890283274	NP_789765.1	34222246	NT_187586.1	568815425	61882	65216	-	Reference GRCh38.p13 ALT_REF_LOCI_1	-	-	HRAS
9606	1019	REVIEWED	NM_000075.4	1519246009	NP_000066.1	4502735	NC_000012.12	568815586	57747726	57752309	-	Reference GRCh38.p13 Primary Assembly	-	-	CDK4
9606	1019	REVIEWED	NM_000075.4	1519246009	NP_000066.1	4502735	NG_007484.2	425905358	4934	9654	+	-	-	-	CDK4
9606	4193	REVIEWED	NM_001145337.3	1677499171	NP_001138809.1	223890201	NC_000012.12	568815586	68808148	68850685	+	Reference GRCh38.p13 Primary Assembly	-	-	MDM2
9606	4193	REVIEWED	NM_001145339.2	510937014	NP_001138811.1	223890205	NC_000012.12	568815586	68808148	68850685	+	Reference GRCh38.p13 Primary Assembly	-	-	MDM2
9606	4193	REVIEWED	NM_001145340.3	1677500962	NP_001138812.1	223890207	NC_000012.12	568815586	68808148	68850685	+	Reference GRCh38.p13 Primary Assembly	-	-	MDM2
9606	4193	REVIEWED	NM_001278462.2	1677498584	NP_001265391.1	510937018	NC_000012.12	568815586	68808148	68850685	+	Reference GRCh38.p13 Primary Assembly	-	-	MDM2
9606	4193	REVIEWED	NM_001367990.1	1547242134	NP_001354919.1	1547242135	NC_000012.12	568815586	68808148	68850685	+	Reference GRCh38.p13 Primary Assembly	-	-	MDM2
9606	3845	REVIEWED	NM_001369786.1	1621312268	NP_001356715.1	1621312269	NC_000012.12	568815586	25205245	25250928	-	Reference GRCh38.p13 Primary Assembly	-	-	KRAS
9606	3845	REVIEWED	NM_001369787.1	1621310586	NP_001356716.1	1621310587	NC_000012.12	568815586	25205245	25250928	-	Reference GRCh38.p13 Primary Assembly	-	-	KRAS
