name	depth	num_bases_at_depth	size_of_feature	pros_of_A_at_depth
all	0	91	971256	9.37e-5
all	1	36	971256	3.71e-5
all	2	49	971256	5.05e-5
all	3	18	971256	1.85e-5
all	5	18	971256	1.85e-5
all	6	98	971256	1.009e-4
all	7	4	971256	4.1e-6
all	8	28	971256	2.88e-5
all	10	2	971256	2.1e-6
all	11	4	971256	4.1e-6
all	12	6	971256	6.2e-6
all	13	2	971256	2.1e-6
all	14	4	971256	4.1e-6
all	15	4	971256	4.1e-6
all	16	10	971256	1.03e-5
all	18	4	971256	4.1e-6
all	20	24	971256	2.47e-5
all	21	6	971256	6.2e-6
all	22	4	971256	4.1e-6
all	23	8	971256	8.2e-6
all	24	2	971256	2.1e-6
all	25	4	971256	4.1e-6
all	26	3	971256	3.1e-6
all	27	4	971256	4.1e-6
all	28	6	971256	6.2e-6
all	29	7	971256	7.2e-6
all	30	6	971256	6.2e-6
all	31	15	971256	1.54e-5
all	32	9	971256	9.3e-6
all	33	8	971256	8.2e-6
all	34	28	971256	2.88e-5
all	35	36	971256	3.71e-5
all	36	13	971256	1.34e-5
all	37	23	971256	2.37e-5
all	38	3	971256	3.1e-6
all	39	6	971256	6.2e-6
all	40	10	971256	1.03e-5
all	41	3	971256	3.1e-6
all	42	14	971256	1.44e-5
all	43	2	971256	2.1e-6
all	44	9	971256	9.3e-6
all	45	4	971256	4.1e-6
all	46	10	971256	1.03e-5
all	48	24	971256	2.47e-5
all	49	7	971256	7.2e-6
all	50	11	971256	1.13e-5
all	51	15	971256	1.54e-5
all	52	3	971256	3.1e-6
all	53	8	971256	8.2e-6
all	54	11	971256	1.13e-5
all	55	11	971256	1.13e-5
all	56	15	971256	1.54e-5
all	57	8	971256	8.2e-6
all	58	19	971256	1.96e-5
all	59	11	971256	1.13e-5
all	60	19	971256	1.96e-5
all	61	14	971256	1.44e-5
all	62	31	971256	3.19e-5
all	63	58	971256	5.97e-5
all	64	45	971256	4.63e-5
all	65	37	971256	3.81e-5
all	66	20	971256	2.06e-5
all	67	13	971256	1.34e-5
all	68	65	971256	6.69e-5
all	69	25	971256	2.57e-5
all	70	27	971256	2.78e-5
all	71	46	971256	4.74e-5
all	72	76	971256	7.82e-5
all	73	93	971256	9.58e-5
all	74	81	971256	8.34e-5
all	75	34	971256	3.5e-5
all	76	20	971256	2.06e-5
all	77	151	971256	1.555e-4
all	78	104	971256	1.071e-4
all	79	50	971256	5.15e-5
all	80	23	971256	2.37e-5
all	81	74	971256	7.62e-5
all	82	54	971256	5.56e-5
all	83	48	971256	4.94e-5
all	84	90	971256	9.27e-5
all	85	27	971256	2.78e-5
all	86	16	971256	1.65e-5
all	87	48	971256	4.94e-5
all	88	52	971256	5.35e-5
all	89	46	971256	4.74e-5
all	90	51	971256	5.25e-5
all	91	53	971256	5.46e-5
all	92	37	971256	3.81e-5
all	93	30	971256	3.09e-5
all	94	39	971256	4.02e-5
all	95	16	971256	1.65e-5
all	96	60	971256	6.18e-5
all	97	37	971256	3.81e-5
all	98	26	971256	2.68e-5
all	99	42	971256	4.32e-5
all	100	35	971256	3.6e-5
all	101	28	971256	2.88e-5
all	102	39	971256	4.02e-5
all	103	43	971256	4.43e-5
all	104	35	971256	3.6e-5
all	105	44	971256	4.53e-5
all	106	61	971256	6.28e-5
all	107	48	971256	4.94e-5
all	108	60	971256	6.18e-5
all	109	253	971256	2.605e-4
all	110	125	971256	1.287e-4
all	111	66	971256	6.8e-5
all	112	71	971256	7.31e-5
all	113	56	971256	5.77e-5
all	114	57	971256	5.87e-5
all	115	133	971256	1.369e-4
all	116	35	971256	3.6e-5
all	117	45	971256	4.63e-5
all	118	101	971256	1.04e-4
all	119	91	971256	9.37e-5
all	120	67	971256	6.9e-5
all	121	51	971256	5.25e-5
all	122	143	971256	1.472e-4
all	123	134	971256	1.38e-4
all	124	95	971256	9.78e-5
all	125	65	971256	6.69e-5
all	126	90	971256	9.27e-5
all	127	132	971256	1.359e-4
all	128	125	971256	1.287e-4
all	129	60	971256	6.18e-5
all	130	60	971256	6.18e-5
all	131	121	971256	1.246e-4
all	132	80	971256	8.24e-5
all	133	88	971256	9.06e-5
all	134	35	971256	3.6e-5
all	135	106	971256	1.091e-4
all	136	87	971256	8.96e-5
all	137	119	971256	1.225e-4
all	138	117	971256	1.205e-4
all	139	123	971256	1.266e-4
all	140	143	971256	1.472e-4
all	141	109	971256	1.122e-4
all	142	152	971256	1.565e-4
all	143	179	971256	1.843e-4
all	144	249	971256	2.564e-4
all	145	152	971256	1.565e-4
all	146	169	971256	1.74e-4
all	147	145	971256	1.493e-4
all	148	135	971256	1.39e-4
all	149	249	971256	2.564e-4
all	150	182	971256	1.874e-4
all	151	260	971256	2.677e-4
all	152	239	971256	2.461e-4
all	153	209	971256	2.152e-4
all	154	218	971256	2.245e-4
all	155	153	971256	1.575e-4
all	156	205	971256	2.111e-4
all	157	248	971256	2.553e-4
all	158	284	971256	2.924e-4
all	159	358	971256	3.686e-4
all	160	341	971256	3.511e-4
all	161	370	971256	3.81e-4
all	162	413	971256	4.252e-4
all	163	413	971256	4.252e-4
all	164	269	971256	2.77e-4
all	165	377	971256	3.882e-4
all	166	423	971256	4.355e-4
all	167	395	971256	4.067e-4
all	168	401	971256	4.129e-4
all	169	427	971256	4.396e-4
all	170	398	971256	4.098e-4
all	171	427	971256	4.396e-4
all	172	428	971256	4.407e-4
all	173	394	971256	4.057e-4
all	174	425	971256	4.376e-4
all	175	448	971256	4.613e-4
all	176	506	971256	5.21e-4
all	177	536	971256	5.519e-4
all	178	466	971256	4.798e-4
all	179	527	971256	5.426e-4
all	180	579	971256	5.961e-4
all	181	581	971256	5.982e-4
all	182	481	971256	4.952e-4
all	183	607	971256	6.25e-4
all	184	543	971256	5.591e-4
all	185	640	971256	6.589e-4
all	186	623	971256	6.414e-4
all	187	510	971256	5.251e-4
all	188	574	971256	5.91e-4
all	189	499	971256	5.138e-4
all	190	491	971256	5.055e-4
all	191	565	971256	5.817e-4
all	192	555	971256	5.714e-4
all	193	542	971256	5.58e-4
all	194	670	971256	6.898e-4
all	195	617	971256	6.353e-4
all	196	712	971256	7.331e-4
all	197	692	971256	7.125e-4
all	198	614	971256	6.322e-4
all	199	601	971256	6.188e-4
all	200	510	971256	5.251e-4
all	201	600	971256	6.178e-4
all	202	546	971256	5.622e-4
all	203	745	971256	7.67e-4
all	204	600	971256	6.178e-4
all	205	823	971256	8.474e-4
all	206	828	971256	8.525e-4
all	207	780	971256	8.031e-4
all	208	720	971256	7.413e-4
all	209	839	971256	8.638e-4
all	210	669	971256	6.888e-4
all	211	664	971256	6.837e-4
all	212	629	971256	6.476e-4
all	213	633	971256	6.517e-4
all	214	695	971256	7.156e-4
all	215	707	971256	7.279e-4
all	216	754	971256	7.763e-4
all	217	849	971256	8.741e-4
all	218	904	971256	9.308e-4
all	219	848	971256	8.731e-4
all	220	831	971256	8.556e-4
all	221	800	971256	8.237e-4
all	222	844	971256	8.69e-4
all	223	664	971256	6.837e-4
all	224	752	971256	7.743e-4
all	225	717	971256	0.00073820000000000005
all	226	722	971256	7.434e-4
all	227	922	971256	9.493e-4
all	228	979	971256	0.001008
all	229	988	971256	0.0010172
all	230	995	971256	0.0010244
all	231	1056	971256	0.0010873
all	232	769	971256	7.918e-4
all	233	1103	971256	0.0011356
all	234	1041	971256	0.0010718
all	235	904	971256	9.308e-4
all	236	929	971256	9.565e-4
all	237	1085	971256	0.0011171
all	238	1064	971256	0.0010955
all	239	964	971256	9.925e-4
all	240	1033	971256	0.0010636
all	241	1016	971256	0.0010461
all	242	942	971256	9.699e-4
all	243	1033	971256	0.0010636
all	244	1031	971256	0.0010615
all	245	1074	971256	0.0011058
all	246	1077	971256	0.0011089
all	247	1175	971256	0.0012098
all	248	1045	971256	0.0010759
all	249	1318	971256	0.001357
all	250	1131	971256	0.0011645
all	251	1193	971256	0.0012283
all	252	1455	971256	0.0014981
all	253	1386	971256	0.001427
all	254	1332	971256	0.0013714
all	255	1466	971256	0.0015094
all	256	1298	971256	0.0013364
all	257	1396	971256	0.0014373
all	258	1328	971256	0.0013673
all	259	1480	971256	0.0015238
all	260	1290	971256	0.0013282
all	261	1593	971256	0.0016401
all	262	1271	971256	0.0013086
all	263	1270	971256	0.0013076
all	264	1187	971256	0.0012221
all	265	1233	971256	0.0012695
all	266	1376	971256	0.0014167
all	267	1626	971256	0.0016741
all	268	1576	971256	0.0016226
all	269	1773	971256	0.0018255
all	270	1487	971256	0.001531
all	271	1549	971256	0.0015948
all	272	1735	971256	0.0017863
all	273	1655	971256	0.001704
all	274	1618	971256	0.0016659
all	275	1862	971256	0.0019171
all	276	1883	971256	0.0019387
all	277	1610	971256	0.0016576
all	278	2054	971256	0.0021148
all	279	1815	971256	0.0018687
all	280	2116	971256	0.0021786
all	281	2311	971256	0.0023794
all	282	2244	971256	0.0023104
all	283	1860	971256	0.001915
all	284	2065	971256	0.0021261
all	285	2209	971256	0.0022744
all	286	2031	971256	0.0020911
all	287	2039	971256	0.0020993
all	288	2028	971256	0.002088
all	289	1934	971256	0.0019912
all	290	2131	971256	0.0021941
all	291	2125	971256	0.0021879
all	292	2320	971256	0.0023887
all	293	2384	971256	0.0024546
all	294	2608	971256	0.0026852
all	295	2568	971256	0.002644
all	296	2213	971256	0.0022785
all	297	2195	971256	0.00226
all	298	2047	971256	0.0021076
all	299	2451	971256	0.0025235
all	300	2237	971256	0.0023032
all	301	2287	971256	0.0023547
all	302	2635	971256	0.002713
all	303	2522	971256	0.0025966
all	304	2491	971256	0.0025647
all	305	2556	971256	0.0026316
all	306	2491	971256	0.0025647
all	307	2437	971256	0.0025091
all	308	2309	971256	0.0023773
all	309	2309	971256	0.0023773
all	310	2272	971256	0.0023392
all	311	2280	971256	0.0023475
all	312	2280	971256	0.0023475
all	313	2265	971256	0.002332
all	314	2477	971256	0.0025503
all	315	2522	971256	0.0025966
all	316	2248	971256	0.0023145
all	317	2346	971256	0.0024154
all	318	2154	971256	0.0022177
all	319	2278	971256	0.0023454
all	320	2426	971256	0.0024978
all	321	2753	971256	0.0028345
all	322	2239	971256	0.0023053
all	323	2527	971256	0.0026018
all	324	2782	971256	0.0028643
all	325	2879	971256	0.0029642
all	326	2533	971256	0.002608
all	327	2692	971256	0.0027717
all	328	2576	971256	0.0026522
all	329	2286	971256	0.0023537
all	330	2667	971256	0.0027459
all	331	2423	971256	0.0024947
all	332	2520	971256	0.0025946
all	333	2383	971256	0.0024535
all	334	2598	971256	0.0026749
all	335	2044	971256	0.0021045
all	336	2127	971256	0.0021899
all	337	2187	971256	0.0022517
all	338	2062	971256	0.002123
all	339	2344	971256	0.0024134
all	340	2298	971256	0.002366
all	341	2217	971256	0.0022826
all	342	2162	971256	0.002226
all	343	2059	971256	0.0021199
all	344	2083	971256	0.0021446
all	345	2150	971256	0.0022136
all	346	1932	971256	0.0019892
all	347	1953	971256	0.0020108
all	348	1910	971256	0.0019665
all	349	1798	971256	0.0018512
all	350	1850	971256	0.0019048
all	351	2027	971256	0.002087
all	352	2136	971256	0.0021992
all	353	2016	971256	0.0020757
all	354	1754	971256	0.0018059
all	355	1868	971256	0.0019233
all	356	1790	971256	0.001843
all	357	1919	971256	0.0019758
all	358	2144	971256	0.0022075
all	359	2048	971256	0.0021086
all	360	2412	971256	0.0024834
all	361	2019	971256	0.0020788
all	362	2513	971256	0.0025874
all	363	2239	971256	0.0023053
all	364	2225	971256	0.0022908
all	365	2261	971256	0.0023279
all	366	2101	971256	0.0021632
all	367	2282	971256	0.0023495
all	368	2353	971256	0.0024226
all	369	1999	971256	0.0020582
all	370	1753	971256	0.0018049
all	371	2183	971256	0.0022476
all	372	2022	971256	0.0020818
all	373	1942	971256	0.0019995
all	374	1994	971256	0.002053
all	375	2052	971256	0.0021127
all	376	2264	971256	0.002331
all	377	2000	971256	0.0020592
all	378	1968	971256	0.0020262
all	379	1852	971256	0.0019068
all	380	2091	971256	0.0021529
all	381	2086	971256	0.0021477000000000002
all	382	2085	971256	0.0021467
all	383	2201	971256	0.0022661
all	384	2238	971256	0.0023042
all	385	1880	971256	0.0019356
all	386	2292	971256	0.0023598
all	387	2198	971256	0.002263
all	388	1917	971256	0.0019737
all	389	1873	971256	0.0019284
all	390	1846	971256	0.0019006
all	391	1698	971256	0.0017483
all	392	1870	971256	0.0019253
all	393	1896	971256	0.0019521
all	394	1662	971256	0.0017112
all	395	1770	971256	0.0018224
all	396	1813	971256	0.0018667
all	397	1684	971256	0.0017338
all	398	1849	971256	0.0019037
all	399	1811	971256	0.0018646
all	400	1913	971256	0.0019696
all	401	1752	971256	0.0018038
all	402	2016	971256	0.0020757
all	403	1849	971256	0.0019037
all	404	2077	971256	0.0021385
all	405	2329	971256	0.0023979
all	406	1978	971256	0.0020365
all	407	2122	971256	0.0021848
all	408	2148	971256	0.0022116
all	409	1940	971256	0.0019974
all	410	1865	971256	0.0019202
all	411	1806	971256	0.0018594
all	412	1822	971256	0.0018759
all	413	2180	971256	0.0022445
all	414	1818	971256	0.0018718
all	415	2038	971256	0.0020983
all	416	1757	971256	0.001809
all	417	1876	971256	0.0019315
all	418	1706	971256	0.0017565
all	419	1931	971256	0.0019881
all	420	1724	971256	0.001775
all	421	1827	971256	0.0018811
all	422	1587	971256	0.001634
all	423	1763	971256	0.0018152
all	424	1678	971256	0.0017277
all	425	1851	971256	0.0019058
all	426	1788	971256	0.0018409
all	427	1756	971256	0.001808
all	428	1709	971256	0.0017596
all	429	1843	971256	0.0018975
all	430	1774	971256	0.0018265
all	431	1623	971256	0.001671
all	432	1612	971256	0.0016597
all	433	1625	971256	0.0016731
all	434	1776	971256	0.0018286
all	435	1646	971256	0.0016947
all	436	1730	971256	0.0017812
all	437	1829	971256	0.0018831
all	438	1692	971256	0.0017421
all	439	1745	971256	0.0017966
all	440	1444	971256	0.0014867
all	441	1868	971256	0.0019233
all	442	1615	971256	0.0016628
all	443	1440	971256	0.0014826
all	444	1611	971256	0.0016587
all	445	1634	971256	0.0016824
all	446	1427	971256	0.0014692
all	447	1462	971256	0.0015053
all	448	1638	971256	0.0016865
all	449	1848	971256	0.0019027
all	450	1581	971256	0.0016278
all	451	1742	971256	0.0017936
all	452	1409	971256	0.0014507
all	453	1623	971256	0.001671
all	454	1438	971256	0.0014806
all	455	1314	971256	0.0013529
all	456	1376	971256	0.0014167
all	457	1341	971256	0.0013807
all	458	1270	971256	0.0013076
all	459	1371	971256	0.0014116
all	460	1227	971256	0.0012633
all	461	1404	971256	0.0014456
all	462	1164	971256	0.0011984
all	463	1382	971256	0.0014229
all	464	1429	971256	0.0014713
all	465	1378	971256	0.0014188
all	466	1581	971256	0.0016278
all	467	1451	971256	0.0014939
all	468	1679	971256	0.0017287
all	469	1730	971256	0.0017812
all	470	1521	971256	0.001566
all	471	1425	971256	0.0014672
all	472	1178	971256	0.0012129
all	473	1299	971256	0.0013374
all	474	1120	971256	0.0011531
all	475	1532	971256	0.0015773
all	476	1552	971256	0.0015979
all	477	1505	971256	0.0015495
all	478	1396	971256	0.0014373
all	479	1506	971256	0.0015506
all	480	1541	971256	0.0015866
all	481	1372	971256	0.0014126
all	482	1171	971256	0.0012057
all	483	1496	971256	0.0015403
all	484	1325	971256	0.0013642
all	485	1535	971256	0.0015804
all	486	1450	971256	0.0014929
all	487	1210	971256	0.0012458
all	488	1272	971256	0.0013096
all	489	1408	971256	0.0014497
all	490	1304	971256	0.0013426
all	491	1154	971256	0.0011882
all	492	1296	971256	0.0013344
all	493	1300	971256	0.0013385
all	494	1355	971256	0.0013951
all	495	1460	971256	0.0015032
all	496	1280	971256	0.0013179
all	497	1322	971256	0.0013611
all	498	1281	971256	0.0013189
all	499	1348	971256	0.0013879
all	500	1718	971256	0.0017688
all	501	1657	971256	0.001706
all	502	1310	971256	0.0013488
all	503	1474	971256	0.0015176
all	504	1260	971256	0.0012973
all	505	1239	971256	0.0012757
all	506	1675	971256	0.0017246
all	507	1362	971256	0.0014023
all	508	1514	971256	0.0015588
all	509	1323	971256	0.0013622
all	510	1366	971256	0.0014064
all	511	1293	971256	0.0013313
all	512	1313	971256	0.0013519
all	513	1082	971256	0.001114
all	514	1287	971256	0.0013251
all	515	1369	971256	0.0014095
all	516	1211	971256	0.0012468
all	517	1129	971256	0.0011624
all	518	1142	971256	0.0011758
all	519	1376	971256	0.0014167
all	520	1320	971256	0.0013591
all	521	1531	971256	0.0015763
all	522	1213	971256	0.0012489
all	523	1177	971256	0.0012118
all	524	1257	971256	0.0012942
all	525	1248	971256	0.0012849
all	526	1312	971256	0.0013508
all	527	1402	971256	0.0014435
all	528	1367	971256	0.0014075
all	529	1257	971256	0.0012942
all	530	1177	971256	0.0012118
all	531	1185	971256	0.0012201
all	532	1203	971256	0.0012386
all	533	1233	971256	0.0012695
all	534	1092	971256	0.0011243
all	535	1277	971256	0.0013148
all	536	1184	971256	0.001219
all	537	982	971256	0.0010111
all	538	1088	971256	0.0011202
all	539	1082	971256	0.001114
all	540	1226	971256	0.0012623
all	541	1033	971256	0.0010636
all	542	997	971256	0.0010265
all	543	1166	971256	0.0012005
all	544	1131	971256	0.0011645
all	545	1225	971256	0.0012613
all	546	1110	971256	0.0011429
all	547	1209	971256	0.0012448
all	548	1178	971256	0.0012129
all	549	1230	971256	0.0012664
all	550	1341	971256	0.0013807
all	551	1284	971256	0.001322
all	552	1353	971256	0.001393
all	553	1210	971256	0.0012458
all	554	1104	971256	0.0011367
all	555	1120	971256	0.0011531
all	556	1235	971256	0.0012715
all	557	1331	971256	0.0013704
all	558	1363	971256	0.0014033
all	559	1313	971256	0.0013519
all	560	1095	971256	0.0011274
all	561	1133	971256	0.0011665
all	562	992	971256	0.0010214
all	563	1263	971256	0.0013004
all	564	990	971256	0.0010193
all	565	1304	971256	0.0013426
all	566	1357	971256	0.0013972
all	567	1133	971256	0.0011665
all	568	1219	971256	0.0012551
all	569	1118	971256	0.0011511
all	570	1196	971256	0.0012314
all	571	1377	971256	0.0014178
all	572	1193	971256	0.0012283
all	573	1121	971256	0.0011542
all	574	1065	971256	0.0010965
all	575	1119	971256	0.0011521
all	576	1176	971256	0.0012108
all	577	1048	971256	0.001079
all	578	1090	971256	0.0011223
all	579	1165	971256	0.0011995
all	580	1061	971256	0.0010924
all	581	1158	971256	0.0011923
all	582	1315	971256	0.0013539
all	583	1173	971256	0.0012077
all	584	1560	971256	0.0016062
all	585	1323	971256	0.0013622
all	586	1218	971256	0.001254
all	587	1262	971256	0.0012993
all	588	1145	971256	0.0011789
all	589	1213	971256	0.0012489
all	590	1390	971256	0.0014311
all	591	1200	971256	0.0012355
all	592	1450	971256	0.0014929
all	593	1235	971256	0.0012715
all	594	1019	971256	0.0010492
all	595	1155	971256	0.0011892
all	596	1309	971256	0.0013477
all	597	1306	971256	0.0013447
all	598	1169	971256	0.0012036
all	599	1341	971256	0.0013807
all	600	1372	971256	0.0014126
all	601	1146	971256	0.0011799
all	602	1137	971256	0.0011706
all	603	1298	971256	0.0013364
all	604	1312	971256	0.0013508
all	605	1339	971256	0.0013786
all	606	1130	971256	0.0011634
all	607	1398	971256	0.0014394
all	608	1160	971256	0.0011943
all	609	1547	971256	0.0015928
all	610	1408	971256	0.0014497
all	611	1197	971256	0.0012324
all	612	1320	971256	0.0013591
all	613	1243	971256	0.0012798
all	614	1254	971256	0.0012911
all	615	1375	971256	0.0014157
all	616	1335	971256	0.0013745
all	617	1221	971256	0.0012571
all	618	971	971256	9.997e-4
all	619	1390	971256	0.0014311
all	620	1360	971256	0.0014002
all	621	1338	971256	0.0013776
all	622	1235	971256	0.0012715
all	623	1181	971256	0.001216
all	624	1080	971256	0.001112
all	625	1121	971256	0.0011542
all	626	1254	971256	0.0012911
all	627	985	971256	0.0010142
all	628	1191	971256	0.0012262
all	629	1114	971256	0.001147
all	630	1006	971256	0.0010358
all	631	1145	971256	0.0011789
all	632	1194	971256	0.0012293
all	633	1227	971256	0.0012633
all	634	980	971256	0.001009
all	635	1250	971256	0.001287
all	636	1156	971256	0.0011902
all	637	1282	971256	0.0013199
all	638	1301	971256	0.0013395
all	639	1185	971256	0.0012201
all	640	1180	971256	0.0012149
all	641	1280	971256	0.0013179
all	642	1152	971256	0.0011861
all	643	1371	971256	0.0014116
all	644	1024	971256	0.0010543
all	645	1148	971256	0.001182
all	646	1611	971256	0.0016587
all	647	1067	971256	0.0010986
all	648	1186	971256	0.0012211
all	649	946	971256	9.74e-4
all	650	1120	971256	0.0011531
all	651	1378	971256	0.0014188
all	652	1395	971256	0.0014363
all	653	1232	971256	0.0012685
all	654	1199	971256	0.0012345
all	655	1358	971256	0.0013982
all	656	1240	971256	0.0012767
all	657	1174	971256	0.0012087
all	658	1236	971256	0.0012726
all	659	1129	971256	0.0011624
all	660	1190	971256	0.0012252
all	661	1333	971256	0.0013724
all	662	1085	971256	0.0011171
all	663	1016	971256	0.0010461
all	664	1080	971256	0.001112
all	665	1117	971256	0.0011501
all	666	1143	971256	0.0011768
all	667	1074	971256	0.0011058
all	668	1011	971256	0.0010409
all	669	1106	971256	0.0011387
all	670	1130	971256	0.0011634
all	671	1208	971256	0.0012438
all	672	1071	971256	0.0011027
all	673	1222	971256	0.0012582
all	674	1174	971256	0.0012087
all	675	870	971256	8.957e-4
all	676	1219	971256	0.0012551
all	677	1144	971256	0.0011779
all	678	1311	971256	0.0013498
all	679	1094	971256	0.0011264
all	680	1136	971256	0.0011696
all	681	1097	971256	0.0011295
all	682	1189	971256	0.0012242
all	683	1165	971256	0.0011995
all	684	1012	971256	0.0010419
all	685	1181	971256	0.001216
all	686	1148	971256	0.001182
all	687	1155	971256	0.0011892
all	688	1270	971256	0.0013076
all	689	1441	971256	0.0014836
all	690	1283	971256	0.001321
all	691	1217	971256	0.001253
all	692	1505	971256	0.0015495
all	693	1603	971256	0.0016504
all	694	1300	971256	0.0013385
all	695	1290	971256	0.0013282
all	696	1407	971256	0.0014486
all	697	1283	971256	0.001321
all	698	1220	971256	0.0012561
all	699	1155	971256	0.0011892
all	700	1276	971256	0.0013138
all	701	1300	971256	0.0013385
all	702	1347	971256	0.0013869
all	703	1129	971256	0.0011624
all	704	1568	971256	0.0016144
all	705	1621	971256	0.001669
all	706	1291	971256	0.0013292
all	707	1395	971256	0.0014363
all	708	1273	971256	0.0013107
all	709	1449	971256	0.0014919
all	710	1174	971256	0.0012087
all	711	1484	971256	0.0015279
all	712	1440	971256	0.0014826
all	713	1270	971256	0.0013076
all	714	1183	971256	0.001218
all	715	1234	971256	0.0012705
all	716	1344	971256	0.0013838
all	717	1413	971256	0.0014548
all	718	1136	971256	0.0011696
all	719	1427	971256	0.0014692
all	720	1303	971256	0.0013416
all	721	1379	971256	0.0014198
all	722	1267	971256	0.0013045
all	723	1339	971256	0.0013786
all	724	1370	971256	0.0014105
all	725	1467	971256	0.0015104
all	726	1156	971256	0.0011902
all	727	1282	971256	0.0013199
all	728	1146	971256	0.0011799
all	729	1130	971256	0.0011634
all	730	1312	971256	0.0013508
all	731	937	971256	9.647e-4
all	732	1325	971256	0.0013642
all	733	1404	971256	0.0014456
all	734	1297	971256	0.0013354
all	735	1195	971256	0.0012304
all	736	1054	971256	0.0010852
all	737	1339	971256	0.0013786
all	738	1214	971256	0.0012499
all	739	1315	971256	0.0013539
all	740	1229	971256	0.0012654
all	741	1185	971256	0.0012201
all	742	1355	971256	0.0013951
all	743	1240	971256	0.0012767
all	744	1407	971256	0.0014486
all	745	1196	971256	0.0012314
all	746	1051	971256	0.0010821
all	747	1117	971256	0.0011501
all	748	1195	971256	0.0012304
all	749	1103	971256	0.0011356
all	750	1399	971256	0.0014404
all	751	1489	971256	0.0015331
all	752	1341	971256	0.0013807
all	753	1261	971256	0.0012983
all	754	1165	971256	0.0011995
all	755	1455	971256	0.0014981
all	756	1070	971256	0.0011017
all	757	1398	971256	0.0014394
all	758	1399	971256	0.0014404
all	759	1285	971256	0.001323
all	760	922	971256	9.493e-4
all	761	1140	971256	0.0011737
all	762	1224	971256	0.0012602
all	763	1071	971256	0.0011027
all	764	1077	971256	0.0011089
all	765	974	971256	0.0010028
all	766	1049	971256	0.00108
all	767	1166	971256	0.0012005
all	768	1264	971256	0.0013014
all	769	892	971256	9.184e-4
all	770	885	971256	9.112e-4
all	771	986	971256	0.0010152
all	772	924	971256	9.513e-4
all	773	980	971256	0.001009
all	774	657	971256	6.764e-4
all	775	781	971256	8.041e-4
all	776	1022	971256	0.0010522
all	777	732	971256	7.537e-4
all	778	1018	971256	0.0010481
all	779	726	971256	7.475e-4
all	780	987	971256	0.0010162
all	781	1040	971256	0.0010708
all	782	705	971256	7.259e-4
all	783	903	971256	9.297e-4
all	784	963	971256	9.915e-4
all	785	845	971256	8.7e-4
all	786	733	971256	7.547e-4
all	787	791	971256	8.144e-4
all	788	1043	971256	0.0010739
all	789	791	971256	8.144e-4
all	790	675	971256	6.95e-4
all	791	593	971256	6.105e-4
all	792	617	971256	6.353e-4
all	793	812	971256	8.36e-4
all	794	729	971256	7.506e-4
all	795	943	971256	9.709e-4
all	796	755	971256	7.773e-4
all	797	789	971256	8.124e-4
all	798	581	971256	5.982e-4
all	799	673	971256	6.929e-4
all	800	717	971256	0.00073820000000000005
all	801	647	971256	6.661e-4
all	802	585	971256	6.023e-4
all	803	582	971256	5.992e-4
all	804	594	971256	6.116e-4
all	805	711	971256	7.32e-4
all	806	688	971256	7.084e-4
all	807	733	971256	7.547e-4
all	808	678	971256	6.981e-4
all	809	868	971256	8.937e-4
all	810	676	971256	6.96e-4
all	811	641	971256	6.6e-4
all	812	823	971256	8.474e-4
all	813	837	971256	8.618e-4
all	814	642	971256	6.61e-4
all	815	726	971256	7.475e-4
all	816	553	971256	5.694e-4
all	817	907	971256	9.338e-4
all	818	774	971256	7.969e-4
all	819	609	971256	6.27e-4
all	820	729	971256	7.506e-4
all	821	535	971256	5.508e-4
all	822	610	971256	6.281e-4
all	823	493	971256	5.076e-4
all	824	628	971256	6.466e-4
all	825	649	971256	6.682e-4
all	826	617	971256	6.353e-4
all	827	566	971256	5.828e-4
all	828	644	971256	6.631e-4
all	829	680	971256	7.001e-4
all	830	637	971256	6.559e-4
all	831	522	971256	5.374e-4
all	832	599	971256	6.167e-4
all	833	662	971256	6.816e-4
all	834	894	971256	9.205e-4
all	835	704	971256	7.248e-4
all	836	729	971256	7.506e-4
all	837	835	971256	8.597e-4
all	838	711	971256	7.32e-4
all	839	569	971256	5.858e-4
all	840	782	971256	8.051e-4
all	841	437	971256	4.499e-4
all	842	798	971256	8.216e-4
all	843	735	971256	7.568e-4
all	844	651	971256	6.703e-4
all	845	636	971256	6.548e-4
all	846	722	971256	7.434e-4
all	847	989	971256	0.0010183
all	848	713	971256	7.341e-4
all	849	738	971256	7.598e-4
all	850	579	971256	5.961e-4
all	851	550	971256	5.663e-4
all	852	602	971256	6.198e-4
all	853	676	971256	6.96e-4
all	854	533	971256	5.488e-4
all	855	637	971256	6.559e-4
all	856	489	971256	5.035e-4
all	857	688	971256	7.084e-4
all	858	443	971256	4.561e-4
all	859	506	971256	5.21e-4
all	860	469	971256	4.829e-4
all	861	567	971256	5.838e-4
all	862	568	971256	5.848e-4
all	863	529	971256	5.447e-4
all	864	443	971256	4.561e-4
all	865	580	971256	5.972e-4
all	866	439	971256	4.52e-4
all	867	387	971256	3.985e-4
all	868	574	971256	5.91e-4
all	869	504	971256	5.189e-4
all	870	541	971256	5.57e-4
all	871	477	971256	4.911e-4
all	872	378	971256	3.892e-4
all	873	551	971256	5.673e-4
all	874	438	971256	4.51e-4
all	875	560	971256	5.766e-4
all	876	626	971256	6.445e-4
all	877	523	971256	5.385e-4
all	878	440	971256	4.53e-4
all	879	556	971256	5.725e-4
all	880	592	971256	6.095e-4
all	881	670	971256	6.898e-4
all	882	742	971256	7.64e-4
all	883	547	971256	5.632e-4
all	884	509	971256	5.241e-4
all	885	455	971256	4.685e-4
all	886	545	971256	5.611e-4
all	887	475	971256	4.891e-4
all	888	410	971256	4.221e-4
all	889	557	971256	5.735e-4
all	890	411	971256	4.232e-4
all	891	427	971256	4.396e-4
all	892	387	971256	3.985e-4
all	893	253	971256	2.605e-4
all	894	461	971256	4.746e-4
all	895	272	971256	2.8e-4
all	896	343	971256	3.532e-4
all	897	259	971256	2.667e-4
all	898	378	971256	3.892e-4
all	899	478	971256	4.921e-4
all	900	342	971256	3.521e-4
all	901	289	971256	2.976e-4
all	902	239	971256	2.461e-4
all	903	307	971256	3.161e-4
all	904	226	971256	2.327e-4
all	905	275	971256	2.831e-4
all	906	248	971256	2.553e-4
all	907	312	971256	3.212e-4
all	908	344	971256	3.542e-4
all	909	332	971256	3.418e-4
all	910	248	971256	2.553e-4
all	911	335	971256	3.449e-4
all	912	266	971256	2.739e-4
all	913	205	971256	2.111e-4
all	914	256	971256	2.636e-4
all	915	254	971256	2.615e-4
all	916	238	971256	2.45e-4
all	917	265	971256	2.728e-4
all	918	233	971256	2.399e-4
all	919	276	971256	2.842e-4
all	920	262	971256	2.698e-4
all	921	316	971256	3.254e-4
all	922	195	971256	2.008e-4
all	923	250	971256	2.574e-4
all	924	201	971256	2.069e-4
all	925	159	971256	1.637e-4
all	926	221	971256	2.275e-4
all	927	225	971256	2.317e-4
all	928	240	971256	2.471e-4
all	929	187	971256	1.925e-4
all	930	265	971256	2.728e-4
all	931	150	971256	1.544e-4
all	932	172	971256	1.771e-4
all	933	131	971256	1.349e-4
all	934	237	971256	2.44e-4
all	935	137	971256	1.411e-4
all	936	204	971256	2.1e-4
all	937	173	971256	1.781e-4
all	938	132	971256	1.359e-4
all	939	156	971256	1.606e-4
all	940	257	971256	2.646e-4
all	941	126	971256	1.297e-4
all	942	133	971256	1.369e-4
all	943	98	971256	1.009e-4
all	944	132	971256	1.359e-4
all	945	95	971256	9.78e-5
all	946	98	971256	1.009e-4
all	947	62	971256	6.38e-5
all	948	136	971256	1.4e-4
all	949	106	971256	1.091e-4
all	950	102	971256	1.05e-4
all	951	87	971256	8.96e-5
all	952	105	971256	1.081e-4
all	953	81	971256	8.34e-5
all	954	53	971256	5.46e-5
all	955	83	971256	8.55e-5
all	956	146	971256	1.503e-4
all	957	175	971256	1.802e-4
all	958	121	971256	1.246e-4
all	959	97	971256	9.99e-5
all	960	80	971256	8.24e-5
all	961	101	971256	1.04e-4
all	962	49	971256	5.05e-5
all	963	55	971256	5.66e-5
all	964	87	971256	8.96e-5
all	965	52	971256	5.35e-5
all	966	77	971256	7.93e-5
all	967	76	971256	7.82e-5
all	968	23	971256	2.37e-5
all	969	50	971256	5.15e-5
all	970	46	971256	4.74e-5
all	971	108	971256	1.112e-4
all	972	146	971256	1.503e-4
all	973	125	971256	1.287e-4
all	974	99	971256	1.019e-4
all	975	55	971256	5.66e-5
all	976	52	971256	5.35e-5
all	977	36	971256	3.71e-5
all	978	47	971256	4.84e-5
all	979	37	971256	3.81e-5
all	980	35	971256	3.6e-5
all	981	71	971256	7.31e-5
all	982	34	971256	3.5e-5
all	983	115	971256	1.184e-4
all	984	74	971256	7.62e-5
all	985	40	971256	4.12e-5
all	986	85	971256	8.75e-5
all	987	68	971256	7e-5
all	988	105	971256	1.081e-4
all	989	39	971256	4.02e-5
all	990	34	971256	3.5e-5
all	991	51	971256	5.25e-5
all	992	70	971256	7.21e-5
all	993	68	971256	7e-5
all	994	34	971256	3.5e-5
all	995	60	971256	6.18e-5
all	996	82	971256	8.44e-5
all	997	33	971256	3.4e-5
all	998	23	971256	2.37e-5
all	999	33	971256	3.4e-5
all	1000	44	971256	4.53e-5
all	1001	68	971256	7e-5
all	1002	24	971256	2.47e-5
all	1003	48	971256	4.94e-5
all	1004	12	971256	1.24e-5
all	1005	6	971256	6.2e-6
all	1006	30	971256	3.09e-5
all	1008	22	971256	2.27e-5
all	1009	11	971256	1.13e-5
all	1010	1	971256	1e-6
all	1014	7	971256	7.2e-6
all	1017	7	971256	7.2e-6
all	1018	1	971256	1e-6
all	1019	11	971256	1.13e-5
all	1020	10	971256	1.03e-5
all	1021	5	971256	5.1e-6
all	1022	5	971256	5.1e-6
all	1026	5	971256	5.1e-6
all	1027	5	971256	5.1e-6
all	1031	5	971256	5.1e-6
all	1032	5	971256	5.1e-6
all	1036	10	971256	1.03e-5
all	1037	5	971256	5.1e-6
all	1038	5	971256	5.1e-6
all	1041	10	971256	1.03e-5
all	1042	5	971256	5.1e-6
all	1043	10	971256	1.03e-5
all	1044	5	971256	5.1e-6
all	1046	5	971256	5.1e-6
all	1047	10	971256	1.03e-5
all	1048	5	971256	5.1e-6
all	1049	15	971256	1.54e-5
all	1051	5	971256	5.1e-6
all	1052	5	971256	5.1e-6
all	1053	5	971256	5.1e-6
all	1054	15	971256	1.54e-5
all	1057	15	971256	1.54e-5
all	1059	10	971256	1.03e-5
all	1060	5	971256	5.1e-6
all	1063	5	971256	5.1e-6
all	1073	5	971256	5.1e-6
all	1075	5	971256	5.1e-6
all	1076	5	971256	5.1e-6
